envvar,count
AZUREAPPSERVICE,3555
AZUREAPPSERVICE_PUBLISHPROFILE,3553
AWS,872
AZURE,402
TEST,397
GH,349
DOCKER,341
GOOGLE,325
DEV,322
PROD,296
SSH,253
CI,229
GCP,226
APP,226
API,211
FIREBASE,205
SLACK,202
DEPLOY,190
TF,168
STAGING,168
VITE,144
ENV,139
GIT,138
DB,137
SECRET,133
S3,132
APPLE,125
RELEASE,121
PYPI,120
TOKEN,114
DISCORD,111
ANDROID,111
CYPRESS,110
SERVER,107
E2E,104
ORG,102
TF_VAR,101
DOCKERHUB,98
IOS,97
AWS_S3,97
PRODUCTION,95
EMAIL,93
BOT,93
MY,92
AUTH,89
PAUSE,88
GITHUB,88
USER,87
ACCESS,81
SERVICE,79
MACOS,79
CF,79
PUBLIC,77
TWITTER,76
STAGE,76
TELEGRAM,75
GPG,75
PRIVATE,74
KEY,73
FTP,73
QUAY,72
NPM,72
REPO,70
JWT,70
DOCKER_HUB,70
PROJECT,69
AWS_SECRET,68
AWS_ACCESS,67
BUILD,65
SIGNING,64
REMOTE,63
OSS,62
MAVEN,62
HOST,62
ADMIN,62
DATABASE,61
PAT,58
MONGO,58
VERCEL,56
NUGET,56
DOCS,56
DISCORD_WEBHOOK,56
ACTIONS,56
REGISTRY,55
EC2,55
CONTAINER,55
CLIENT,53
GITLAB,52
BACKEND,51
ACCESS_TOKEN,51
WEB,50
OAUTH,50
NETLIFY,50
K8S,50
GATSBY,50
QA,49
ORG_GRADLE,49
MAC,49
SF,48
ECR,48
DO,48
CONFIG,48
CLOUD,48
SENTRY,47
OCI,47
JIRA,47
DEMO,47
AUTH0,47
WEBHOOK,46
PAUSE_EXTERNAL,46
AZ,46
HEROKU,45
DEPLOYMENT,45
POSTGRES,44
CLOUDFLARE,44
PUBLISH,43
FIREBASE_SERVICE,43
CODE,43
STRIPE,42
ECS,42
TERRAFORM,41
PAUSE_PACKAGE,41
MYSQL,41
MAIL,41
ACR,41
SLACK_WEBHOOK,40
NOTION,40
TARGET,39
NODE,39
GKE,39
PG,38
GHA,38
FILE,38
REDIS,37
IMAGE,37
BASE,37
AWS_ECR,37
PASSWORD,36
MONGODB,36
ALIYUN,36
SSH_KEY,35
PACKAGE,35
KUBE,35
GCLOUD,35
SUPABASE,34
SIGN,34
KEYSTORE,34
HELM,34
DJANGO,34
DIGITALOCEAN,34
API_KEY,34
SPRING,33
SERVICE_ACCOUNT,33
RS,33
PUSH,33
OSSRH,33
MT,33
SONATYPE,32
MAIN,32
ARTIFACTORY,32
APPLICATION,32
ALI,32
USERNAME,31
TENCENT,31
SQL,31
SMTP,31
SANITY,31
NGINX,31
NEW,31
DEVELOPMENT,31
DEFAULT,31
ARTIFACT,31
APP_STORE,31
WIN,30
TWILIO,30
PUB,30
DH,30
CONSUMER,30
APPSTORE,30
NEXUS,29
JENKINS,29
INTERNAL,29
GHCR,29
FRONTEND,29
DEBUG,29
CICD,29
WORKFLOW,28
VPS,28
PERSONAL,28
NUXT,28
GCR,28
DATA,28
ALGOLIA,28
ACTION,28
VAULT,27
SNOWFLAKE,27
RCLONE,27
PR,27
KEYCLOAK,27
KAKAO,27
DATABRICKS,27
AWS_ROLE,27
AUTO,27
ALCHEMY,27
TG,26
ST,26
SSH_PRIVATE,26
SECRETS,26
SA,26
PERF,26
NEXT,26
LINODE,26
GOOGLE_SERVICE,26
,26
YC,25
WINDOWS,25
OPENSHIFT,25
NUXT_PUBLIC,25
MB,25
MASTER,25
JFROG,25
DBT,25
ARM,25
RUN,24
PLATFORM,24
IBM,24
GCS,24
DOCKER_REGISTRY,24
DD,24
COVERITY,24
CACHE,24
BQ,24
ANSIBLE,24
WEBSITE,23
SPOTIFY,23
SIGNING_KEY,23
PLAY,23
MAPBOX,23
IS,23
GRADLE,23
GCP_SA,23
GA,23
ENTANDO,23
DOMAIN,23
CDM5,23
AZURE_WEBAPP,23
URL,22
MATCH,22
MAILER,22
ID,22
HUB,22
GOOGLE_SERVICES,22
GH_TOKEN,22
FACEBOOK,22
ENTANDO_OPT,22
DING,22
DEPLOYER,22
BLOG,22
API_URL,22
XCCONFIG,21
TW,21
SFTP,21
LOGIN,21
KUBECONFIG,21
INPUT,21
DATABASE_URL,21
CORTEX,21
CONTENTFUL,21
CLUSTER,21
CHROME,21
ARGOCD,21
VM,20
SYNC,20
STORAGE,20
RESTIC,20
REPOSITORY,20
MS,20
MAINNET,20
LINE,20
JRELEASER,20
INTEGRATION,20
INFURA,20
HARBOR,20
FLY,20
FASTLANE,20
CONFIG_ESP,20
BSI,20
ANDROID_KEYSTORE,20
STEAM,19
SONAR,19
SANDBOX,19
README,19
POSTMAN,19
OPERATOR,19
GITEE,19
GH_ACTIONS,19
FB,19
EXPO,19
DEPLOY_SSH,19
CERT,19
CDN,19
AT,19
ANDROID_RELEASE,19
ADYEN,19
YOUR,18
TAP,18
SB,18
S3_BUCKET,18
RESTIC_TEST,18
RENOVATE,18
REFRESH,18
REDDIT,18
RDS,18
RCLONE_CONFIG,18
PYPI_API,18
PRIVATE_KEY,18
PLAY_STORE,18
OKTA,18
MINIO,18
INDEXER,18
GOOGLE_API,18
DIGITAL,18
DEVOPS,18
DEVELOPER,18
COSMOS,18
COOKIE,18
CC,18
BE,18
AOC,18
UPLOAD,17
SITE,17
SHOPIFY,17
SENDGRID,17
SDK,17
PROD_AWS,17
PGP,17
OIDC,17
NEW_RELIC,17
MATRIX,17
MASTODON,17
GRAFANA,17
GCP_SERVICE,17
FUNC,17
E2E_TEST,17
DOKKU,17
DOCKER_IMAGE,17
DH_MASTELARI,17
CR,17
CLOUDFRONT,17
CHAT,17
CERTIFICATE,17
BUCKET,17
TWINE,16
TEST_DB,16
TESTING,16
SOCIAL_AUTH,16
SOCIAL,16
OPENCV,16
NCLOUD,16
LOG,16
LOCAL,16
JEST,16
ISSUE,16
INSTANCE,16
HD,16
GMAIL,16
GET,16
FIREBASE_APP,16
DING_GROUP,16
DEPLOY_KEY,16
CONAN,16
CHECKMARX,16
BRIDGE,16
BENCHMARK,16
AZURE_STORAGE,16
API_CONFIG,16
X,15
VPN,15
USE,15
TF_BACKEND,15
TEST_USER,15
TERMINUS,15
STATIC,15
SSH_HOST,15
SOURCE,15
SANITY_STUDIO,15
SAML,15
RPC,15
RENDER,15
RELEASES,15
REFRESH_TOKEN,15
OXYGEN_DEPLOYMENT,15
OXYGEN,15
OVH,15
OPEN,15
OCCUPY,15
MQTT,15
METRICS,15
LAMBDA,15
KUBE_CONFIG,15
IPFS,15
GH_PAT,15
EE,15
DROPBOX,15
DISTRIBUTION,15
CONTAINER_REGISTRY,15
CLOUDINARY,15
BITBUCKET,15
AZURE_AD,15
AWS_IAM,15
AWS_EC2,15
AWS_ACCOUNT,15
YOUTUBE,14
WEBHOOK_URL,14
VITE_FIREBASE,14
VERSION,14
UPDATE,14
UAT,14
TESTNET,14
SSH_DEPLOY,14
SP,14
SN,14
SCW,14
RSYNC,14
RESOURCE,14
RELIZA,14
RAILWAY,14
PROXY,14
PORTAINER,14
PKG,14
PEM,14
NOTIFY,14
NETLIFY_SITE,14
JF,14
HTTP,14
HOMEBREW,14
HEROKU_APP,14
HAPI,14
GPG_KEY,14
GOOGLE_CLOUD,14
GH_APP,14
ETH,14
DIGITAL_OCEAN,14
COMMIT,14
CODESIGN,14
BW,14
AZURE_SQL,14
AWS_ECS,14
AUR,14
APIKEY,14
ALLOWED,14
AKS,14
ACM,14
ZULIP,13
TWILIO_API,13
TEST_PYPI,13
TEST_KBC,13
STAGING_AWS,13
SESSION,13
SC,13
SALESFORCE,13
ROOT,13
PROD_FIREBASE,13
POLYGON,13
PATH,13
OSSRH_GPG,13
OPAL_TEST,13
OPAL,13
JSON,13
JD,13
INFRA,13
GOOGLE_PLAY,13
GH_PAGES,13
FIREFOX,13
CX,13
COGNITO,13
CHROMATIC,13
CHECKOUT,13
CCLOUD,13
BACKUP,13
B2,13
AWS_STAGING,13
AWS_PROD,13
AWS_CI,13
AWS_BUCKET,13
ASC,13
AQUA,13
APP_FAIR,13
APP_CENTER,13
APK,13
ANYPOINT,13
WF,12
TWITTER_CLIENTS,12
TO,12
TEST_ACCOUNT,12
TENCENTCLOUD,12
SNYK,12
SLACK_CHANNEL,12
SHEET,12
SFDC,12
SERVER_SSH,12
REDHAT,12
R2,12
PROVISIONING,12
PREVIEW,12
PRD,12
POSTGRESQL,12
POETRY,12
NGROK,12
MACHINE,12
LAB,12
KONG,12
IT,12
IDENTITY,12
GH_ACTION,12
FS,12
FRONT,12
ENVIRONMENT,12
ELASTICSEARCH,12
ECR_REPOSITORY,12
DUMMY,12
DOPPLER,12
DHUB,12
DEV_ENV,12
DEV_AWS,12
CONSUMER_KEY,12
CODECOV,12
CLICKHOUSE,12
BIGQUERY,12
AWS_CLOUDFRONT,12
ATLAS,12
ANACONDA,12
AMAZON,12
WORDPRESS,11
WEATHER,11
VITE_FATHOM,11
TOOLS,11
SSH_SERVER,11
SSH_REMOTE,11
SPACE,11
SLACK_BOT,11
SEED,11
REG,11
QUAY_IO,11
PYTKET_REMOTE,11
PYTKET,11
PULUMI,11
PORTAL,11
OT_APP,11
OT,11
OS,11
ORG_KUBECONFIG,11
ORACLE,11
OPENEBOOKS,11
ONE,11
OCP,11
NX,11
NPM_TOKEN,11
MY_SECRET,11
MICROSOFT,11
LINKEDIN,11
INSTAGRAM,11
HOME,11
H5P,11
GPG_SIGNING,11
GOOGLE_SHEETS,11
GKE_CLUSTER,11
GH_PACKAGES,11
GESASSO,11
GAR,11
FORGE,11
FE,11
ES,11
EKS,11
DRUPAL,11
DEV_DB,11
DEPENDABOT,11
CYPRESS_OPENEBOOKS,11
CT,11
CREATE,11
CORE,11
CONSUMER_SECRET,11
COMPOSER,11
CLIENT_ID,11
CI_FORCE,11
CAPROVER,11
CACHIX,11
BIGTRADER,11
BASIC,11
AZURE_CREDENTIALS,11
AWS_SSH,11
AWS_DEV,11
APT,11
APPSMITH,11
APPLE_DEVELOPER,11
ALPHA,11
ALL,11
AIRTABLE,11
ADD,11
ACCOUNT,11
XCCONFIG_PROD,10
XCCONFIG_DEV,10
WIKI,10
WALLET,10
W3C,10
VIRL2,10
V2,10
UNITY,10
TENDERLY,10
TENCENTCLOUD_SECRET,10
TEAMS,10
SW,10
STG,10
STAGE_PATHS,10
SSL,10
SLACK_URL,10
SENTRY_DSN,10
SECRET_KEY,10
SCP,10
SCHEMA,10
SAMPLE,10
S3_FILE,10
REDSHIFT,10
RECAPTCHA,10
RANCHER,10
PUB_DEV,10
PROJECT_ID,10
PROD_MACOS,10
PROD_DB,10
POLARIS,10
PIPELINE,10
PC,10
PANTHEON,10
PAGES,10
OSX,10
OPENAI,10
OCTOPUS,10
OAUTH_GOOGLE,10
NCP,10
MT_ORG,10
MORALIS,10
MOGUDING,10
MOBILE,10
MAILER_CONFIG,10
LINUX,10
IT_CHECKOUT,10
IP,10
IONOS,10
H5P_CONTENT,10
GPR,10
GOOGLE_MAPS,10
GOOGLE_CLIENT,10
GLOBAL,10
GIST,10
GF,10
GCP_WORKLOAD,10
FROM,10
FIREBOLT,10
FIREBASE_AUTH,10
DRIVE,10
DOMINO,10
DERS,10
D,10
CROWDIN,10
CP,10
COVERAGE,10
CODE_SIGNING,10
CODE_CLIMATE,10
CI_STRIPE,10
BUILDS,10
BASE_URL,10
BASE64,10
AZURE_SP,10
AWS_GITHUB,10
AWS_DEPLOY,10
AWS_COGNITO,10
ASTRA,10
APPS,10
APPLE_ID,10
API_FIREBASE,10
ANDROID_SIGNING,10
ALLURE,10
ACCESS_KEY,10
YA,9
XLABS_MASTER,9
XLABS,9
WORKER,9
WIN_SIGN,9
WIF,9
WECHAT,9
WEB3,9
W3C_TR,9
VSCODE,9
UIPATH,9
UBUNTU,9
TRIGGER,9
TRELLO,9
TH,9
TESTPYPI,9
TERMINUS_TEST,9
TELEGRAM_BOT,9
TEAM,9
SW_APM,9
SUB,9
STRAVA,9
STORE,9
STEAMSHIP,9
STAGE_FIREBASE,9
SPLUNK,9
SONARQUBE,9
SMS,9
SHOP,9
SHARED,9
SEC,9
ROAR,9
PROVISIONING_PROFILE,9
PROJECTS,9
PROD_SSH,9
PROD_DATABASE,9
POSTGRES_DATABASE,9
PI,9
PAYPAL,9
P12,9
NIGHTLY,9
NGINX_DEV,9
NEO4J,9
NAVER,9
MEROXA,9
MEMBER,9
ME,9
MAIL_SENDER,9
MACOS_CERTIFICATE,9
LIBRESCORE,9
KEY_PROPERTIES,9
K8S_SECRET,9
JWT_REFRESH,9
JSON_RPC,9
JEST_USER,9
IOS_FIREBASE,9
GOOGLE_DRIVE,9
GIT_HUB,9
GH_PRIVATE,9
GE,9
GDRIVE,9
GARMIN,9
FLASK,9
FERN,9
ENV_AWS,9
ENCODED,9
EMAIL_SMTP,9
DOT,9
DOCKER_REPOSITORY,9
DOCKERHUB_TOKEN,9
DEV_WEB,9
DEV_MINTING,9
DEVICE,9
DETA,9
DESTINATION,9
DECKHOUSE,9
CUSTOM,9
CREDENTIALS,9
COSIGN,9
CORS,9
CONTAINER_NAME,9
CODING,9
CODECLIMATE,9
CLOUDSMITH,9
CLASPRC,9
CK,9
CI_GOOGLE,9
CHANNEL,9
CD,9
BROWSER,9
BRIDGE_COVERITY,9
BOT_GITHUB,9
AZURE_FUNCTIONAPP,9
AZURE_DEVOPS,9
AZURE_CONTAINER,9
AZURE_COMPANIES,9
AZURE_CANDIDATES,9
AZDO,9
AWS_SES,9
AUTOMATION,9
AUTH_TOKEN,9
APPLE_SIGNING,9
APPLE_CERT,9
APIGEE,9
ANDROID_KEY,9
AM,9
AI,9
ADD_TO,9
AAD,9
_GITHUB,8
XIVASTUDIO,8
WORKLOAD,8
WEBSITE_DEPLOY,8
VITE_ENV,8
VERCEL_PROJECT,8
USERS,8
UPLOAD_KEYSTORE,8
UP,8
UNSPLASH,8
UNLOCK,8
TYPEORM,8
TWITTER_CONSUMER,8
TWITCH,8
TRANSAK,8
TOKEN_SECRET,8
TOKEN_FOR,8
TITLE,8
TEST_FIREBASE,8
TENCENT_CLOUD,8
TAG,8
TABRIS,8
SWITCHBOT,8
SUBMODULE,8
STOSC,8
STAG,8
SS,8
SOME,8
SOCKET,8
SEP,8
SENDER,8
SEND,8
SEGMENT,8
SECURITY,8
RUNNER,8
RTD,8
ROLLBAR,8
ROCKETCHAT,8
RH,8
REMOTE_HOST,8
REDIRECT,8
READ,8
REACT,8
QA_AWS,8
PYPI_PYTKET,8
PW,8
PUSHOVER,8
PULL,8
PROD_AZURE,8
PRO,8
PRISMA,8
PREFECT,8
PORT,8
POETRY_HTTP,8
PLUGIN,8
PINATA,8
PERCY_TOKEN,8
PERCY,8
PACKAGES,8
OPT,8
OPENSTACK,8
OPENCV_PYTHON,8
OPENCV_CONTRIB,8
OKX,8
OCI_CLI,8
OAUTH_CLIENT,8
NPM_REGISTRY,8
NEON,8
MY_GITHUB,8
MP,8
MEROXA_AUTH,8
MAVEN_SIGNING,8
MACOS_INSTALLER,8
MACOS_CERT,8
LIVE,8
LINODE_HOST,8
KEY_STORE,8
KAFKA,8
JWT_SECRET,8
JWT_ACCESS,8
JUMP,8
ITX_PDP,8
ITX,8
IOT,8
INTEGRATION_TESTING,8
INPUT_ENVKEY,8
IN,8
IMG,8
IAM,8
HUBSPOT,8
HOMEASSISTANT,8
HEXO,8
GRAPH,8
GPG_SECRET,8
GOOGLE_CALENDAR,8
GOOGLE_APPLICATION,8
GOOGLE_APP,8
GIT_POSTGRES,8
GH_PACKAGE,8
GET_GKE,8
GCP_PROJECT,8
GCE,8
GATSBY_FIREBASE,8
G,8
FTP_SERVER,8
FIRST,8
FIRESTORE,8
FF,8
EXTRA,8
EXTERNAL,8
ENCRYPTION,8
DUO_SECURITY,8
DUO,8
DOCS_DEPLOY,8
DOCKER_REPO,8
DOCKER_BUILD,8
DISPATCH,8
DEV_FIREBASE,8
DEST,8
DEPLOY_DOCS,8
DEMO_SERVER,8
DBT_SNOWFLAKE,8
DBT_ENV,8
DATADOG,8
CUER,8
CRATES,8
COS,8
CONFLUENCE,8
CLOUDFRONT_DISTRIBUTION,8
CLIENT_SECRET,8
CI_CD,8
CHECKOUT_DEFAULT,8
CF_API,8
CELEBRATOR,8
CASTLECI,8
CARGO,8
CA,8
BUNNY,8
BUNDLE,8
BRANCH,8
BOT_API,8
BIGML,8
BASTION,8
BARK,8
BAP,8
AZURE_APP,8
AWS_CODEDEPLOY,8
AUTH_SERVICE,8
AT_OTA,8
ASANA,8
ARCHIVE,8
APP_ENV,8
APPINSIGHTS,8
APPCENTER,8
API_TOKEN,8
ALI_OSS,8
ACCEPTANCE_TESTS,8
ACCEPTANCE,8
ACC,8
ZITI,7
WRITE,7
WORKFLOWS,7
WASABI,7
WAKATIME,7
UPYUN,7
UNLEASH,7
UI,7
TW_TDJOBS,7
TWITTER_API,7
TS,7
TRAEFIK,7
TODOIST,7
TFC,7
TEST_SSH,7
TEST_SERVER,7
TEST_GCP,7
TESTS,7
TEMPLATE,7
TANGEM,7
TABRIS_IOS,7
SUBGRAPH,7
STAGING_SSH,7
STAGING_FB,7
STAGING_APP,7
SSH_STAGING,7
SOLR,7
SNAPSHOT,7
SNAPCRAFT,7
SNAP,7
SIL,7
SFDX,7
SERVICES,7
SELF,7
SECRET_ARTIFACT,7
SAUSAGE,7
SAML_ADFS,7
S3_ACCESS,7
RSA,7
ROLE,7
ROAR_FIREBASE,7
REST,7
RELEASE_KEYSTORE,7
RECORD,7
RAILWAY_TOKEN,7
R,7
QUAYIO,7
PYPI_TOKEN,7
PYPI_TEST,7
PROD_SERVER,7
PROD_HOST,7
PRIVATE_REGISTRY,7
PRISMA_CLOUD,7
POST,7
POCKET,7
PLAYWRIGHT,7
PLAYGROUND,7
PING,7
PG_DATABASE,7
PERSONAL_ACCESS,7
PASS,7
PACKER,7
PACKAGECLOUD,7
OWNER,7
OSS_TEST,7
ORGANIZATION,7
OPENSHIFT4,7
OP,7
OKP4,7
OBS,7
NPM_PUBLISH,7
NPMJS,7
NOW,7
NOTIFICATION,7
NOTARIZE,7
NONPROD,7
NEXT_FIREBASE,7
NAIS,7
N2N,7
MYGET,7
MSI_UPLOAD,7
MSI,7
MONGO_DB,7
MODRINTH,7
MKDOCS,7
MAVEN_GPG,7
MAVEN_CENTRAL,7
MAC_NOTARIZE,7
M,7
LW,7
LINEAR,7
LHCI,7
KUBERNETES,7
KUBEFLOW,7
KEYSTORE_KEY,7
KAKAO_AUTH,7
JOY,7
JOB,7
ITCH,7
INT_BUS,7
INTEGRATION_TEST,7
INT,7
INDEX,7
IMAP,7
IG,7
IDE,7
HOST_SSH,7
HOSTING,7
HOSTED,7
HONEYBADGER,7
HF,7
HELM_REPO,7
HEALTH,7
HC,7
HAVE,7
HASURA,7
HAS,7
HAPI_EOS,7
GRAPHQL,7
GOOGLE_PROJECT,7
GOOGLE_OAUTH,7
GOOGLE_ANALYTICS,7
GOERLI,7
GKS,7
GIT_SSH,7
GHOST,7
GG,7
GCP_CREDENTIALS,7
GC,7
FUSE_PROFILE,7
FUSE,7
FUNCTION,7
FOD,7
FLUTTER,7
FLOW,7
FIREBASE_STORAGE,7
FIREBASE_API,7
FIREBASEAPPDISTRO,7
FERAL_FILE,7
FERAL,7
FATHOM,7
ERP_SYSTEM,7
ERP,7
ENGINE,7
ENABLE,7
EMAIL_HOST,7
EDGE,7
E2E_REDSHIFT,7
E2E_GITHUB,7
DROPLET,7
DOTENV,7
DOCKER_USER,7
DOCKER_IO,7
DJ,7
DEV_SSH,7
DEV_SERVER,7
DESIGN,7
DEPLOY_HOST,7
DEPLOY_AWS,7
DB_CONN,7
CYPRESS_FIREBASE,7
CV,7
COPR,7
CONTEXT,7
CONOHA,7
CONNECTION,7
CONDA,7
CODECOMMIT,7
CLOUD_RUN,7
CI_USER,7
CI_SLACK,7
CI_REGISTRY,7
CI_GITHUB,7
CI_AWS,7
CHROMATIC_PROJECT,7
CAS,7
BUILDER,7
BOOK,7
BLOB,7
BENCHMARK_RDS,7
BENCHMARKS,7
BC,7
BAKER,7
B2P,7
AZURE_STATIC,7
AZURE_CREDS,7
AZURE_CLIENT,7
AZURE_BLOB,7
AWS_USER,7
AWS_RDS,7
AWS_KEY,7
AWS_CODEARTIFACT,7
AVATAX,7
ASTRA_DB,7
ASSUME_ROLE,7
ASSUME,7
ARCGIS,7
APPSTORE_CONNECT,7
APPLE_AUTH,7
APPLE_API,7
ANYPOINT_PLATFORM,7
AMPLITUDE,7
ALIYUN_SERVER,7
ALIBABA_CLOUD,7
ALIBABA,7
ALGOLIA_SEARCH,7
ALCHEMY_API,7
ABFS,7
ZAP,6
XGITHUB,6
WS,6
WPE,6
WP,6
WORKLOAD_IDENTITY,6
WM,6
WKND,6
WINDOWS_PFX,6
WEBHOOK_TOKEN,6
WEBAPP,6
VK,6
VITE_API,6
USER_POOL,6
USER_DB,6
UPBOUND,6
TWITTER_APP,6
TWILIO_ACCOUNT,6
TURBO,6
TORUS,6
TMP,6
TLS,6
TEST_SNOWFLAKE,6
TEST_DOMAINS,6
TEST_BQ,6
TEST_AZURE,6
TEST_AWS,6
TESTKIT,6
TELEKOM,6
TELEGRAM_API,6
TECHDOCS,6
TEC,6
TC,6
TASK,6
TAILSCALE,6
SVN,6
STRAPI,6
STORYBOOK,6
STATE,6
STAGING_EMAIL,6
STAGE_IDS,6
SSH_STRATO,6
SQL_SERVER,6
SPRING_DATASOURCE,6
SPRING_CLOUD,6
SPACES,6
SNOWSQL,6
SNOWFLAKE_TEST,6
SNAPSHOTS,6
SIGN_KEY,6
SFDC_POC,6
SERVICE_PRINCIPAL,6
SERVERLESS,6
SEED_TO,6
SECRET_GITHUB,6
SCA,6
SBRG_MACHINE,6
SBRG,6
SAMPLE_TAP,6
S3_BUILD,6
RUBYGEMS,6
ROCKS,6
ROBOT,6
RHSM,6
REMOTE_SERVER,6
REALM,6
RATE,6
QIWI,6
QA_SF,6
PYPI_UPLOAD,6
PYPI_PASSWORD,6
PUB_DB,6
PS,6
PROVISION,6
PROVIDER,6
PROJIECT_ID,6
PROJIECT,6
PROJECT_AWS,6
PRODUCTION_EMAIL,6
PRODUCTION_AWS,6
PRODUCT,6
PRIVATE_REPO,6
PRISALE,6
PRD_SF,6
PNPTESTING,6
PLAYSTORE,6
PKGBUILD,6
PING_IDENTITY,6
PHONE,6
PFX,6
PERF_TEST,6
PENNSIEVE,6
PAT_FOR,6
PACT,6
OWM,6
OSS_SONATYPE,6
ORIGIN,6
ONEDRIVE,6
OMR,6
OLD,6
OKP4_BOT,6
NUGET_API,6
NOTARY,6
NIGHTLIES,6
NEXTCLOUD,6
NETFLIX_OSS,6
NETFLIX,6
MYSQL_TST,6
MYSQL_PRD,6
MYGEOTAB,6
MVN,6
MT_STORE,6
MS_TOKEN,6
MONGO_DATABASE,6
MINEIROS_TESTING,6
MINEIROS,6
MICROCMS,6
ME_CONFIG,6
MERGE,6
MCFORMATION,6
MB_BIGQUERY,6
MAVEN_REPO,6
MAPI,6
MAIN_NCLOUD,6
MAILGUN,6
MAGENTO,6
MACOS_NOTARIZATION,6
MACOS_CODESIGN,6
MACHINE_USER,6
LOAD,6
LIQUIBASE,6
LINE_TOKEN,6
LICENSE,6
KYU,6
KUBECTL,6
JFROG_ARTIFACTORY,6
JETBRAINS,6
JAVA,6
IOS_P12,6
INFURA_IPFS,6
INDEXER_MAINNET,6
INCIDENT,6
IMAGE_NAME,6
IMAGES,6
IIB,6
IFTTT,6
IDE_SIGNING,6
IBM_CLOUD,6
HIML,6
HEXO_DEPLOY,6
HETZNER,6
GW,6
GOOGLE_TAG,6
GIT_ECS,6
GITOPS,6
GITHUB_PRIVATE,6
GITHUB_APP,6
GH_SSH,6
GH_REGISTRY,6
GH_ORG,6
GCP_GITHUB,6
GCP_CLOUDRUN,6
FTP_USER,6
FTP_PASSWORD,6
FORMIO,6
FORK,6
FONT,6
FIREBASE_PROJECT,6
FIREBASE_OPTIONS,6
FIREBASE_ADMIN,6
F5XC,6
EXPO_CLI,6
ENV_SMTP,6
ENV_FILE,6
ENTERPRISE,6
ENDPOINT,6
ENCRYPTED,6
EMAIL_SERVER,6
EDX,6
ECS_TASK,6
EC2_SSH,6
E2E_BQ,6
DROPBOX_STAKEHOLDERS,6
DRONE,6
DO_SPACES,6
DOWNLOAD,6
DOMINO_MODEL,6
DOCKER_PUSH,6
DOC,6
DJANGO_POSTGRES,6
DISPATCHER,6
DISK,6
DINGTALK,6
DHIS2,6
DEV_SF,6
DEV_SENDER,6
DEV_NCLOUD,6
DEPLOY_SERVER,6
DECKHOUSE_REGISTRY,6
DB_USER,6
DB_TEST,6
DB_PASSWORD,6
DB_HOST,6
DATABRICKS_AWS,6
DART,6
CURRENT,6
CTP,6
COVERITY_SCAN,6
COV,6
CONTENT,6
CONNECT,6
CONJUR,6
COMMON,6
CI_DEPLOY,6
CF_R2,6
CFD,6
CC_TEST,6
CANARY,6
BSI_CLOUD,6
BROWSERSTACK,6
BRIGHTIFY,6
BPM,6
BING,6
BINANCE,6
BILI,6
BESANA,6
BADGE,6
BACKBLAZE,6
AZURE_E2E,6
AZURE_ACR,6
AZURE_ABFS,6
AZUREML,6
AWS_US,6
AWS_REGION,6
AWS_OSSCI,6
AWS_DISTRIBUTION,6
AWS_CLIENT,6
AWS_APPLICATION,6
AUTH_TEST,6
AUTHENTICATION,6
AUTHELIA,6
AUTH0_CLI,6
AUR_SSH,6
ATHENA,6
ARBITRUM,6
API_BASE,6
APIKEY_ALCHEMY,6
APIGEE_EDGE,6
ANDROID_DEBUG,6
ANALYTICS,6
AMPLITUDE_API,6
AMO,6
ALIAS,6
ACTIONS_DEPLOY,6
AC,6
ZULIP_BOT,5
ZEROTIER,5
YUM,5
XRAYCLOUD,5
XMLY,5
WWW,5
WP_USER,5
WORKSPACE,5
WORK,5
WIN_CERT,5
WECHAT_WORK,5
WEB_SERVER,5
WEBLATE,5
WEBHOOK_ID,5
WEBDAV,5
WAS,5
WAKEMEBOT,5
VSPHERE,5
VPS_KEY,5
VPS_HOST,5
VPC,5
VITE_MONGO,5
VITE_BACKEND,5
VIRTUAL,5
VICO,5
VIB_ENV,5
VIB,5
VECTARA,5
VBR,5
USER1,5
UNLUCKYSTRIKE,5
UNLOCK_APP,5
UBERSPACE,5
TWITTER_XRP,5
TWITTER_SERVICE,5
TWITTER_ACCESS,5
TRAEFIK_DASHBOARD,5
TRADER,5
TRACE,5
TMDB,5
TIDY3D,5
TF_HTTP,5
TEST_GITHUB,5
TEST_GITEA,5
TEST_CF,5
TERRAFORM_CLOUD,5
TEMP,5
TELEPORT,5
TELECOM,5
TEA,5
TD,5
TANZU,5
TABLE,5
SYNAPSE,5
SWAGGER,5
SURGE,5
SUPER,5
ST_API,5
STEWARD,5
STAGING_API,5
STAGE_EMAIL,5
STAGE_AZSTORAGE,5
SSH_USER,5
SSH_MULTIMEDIA,5
SSH_DEPLOYMENT,5
SSC,5
SRC,5
SQUARE,5
SPRING_RABBITMQ,5
SONATYPE_GPG,5
SONAR_TOKEN,5
SOCKET_SERVER,5
SOCIALGROOVYBOT,5
SNOWFLAKE_CI,5
SND,5
SNAPLET,5
SLEEPER,5
SLACK_RELEASE,5
SIGN_AZURE,5
SIGNING_SECRET,5
SF_USER,5
SEP_SMTP,5
SENTRY_URL,5
SENTRY_PROJECT,5
SELF_HOSTED,5
SECURE,5
SEARCH,5
SCHEDULE,5
SAP,5
S3_UPLOAD,5
S3_TEST,5
S3_SECRET,5
S3_OLD,5
S3_APP,5
RUST,5
RSYNC_DEPLOY,5
RR,5
RQ,5
ROOT_URL,5
RIO,5
REVIEW,5
RESOURCE_GROUP,5
REPO_NAME,5
REPOS,5
RELEASE_AWS,5
REGISTRY_REDHAT,5
REGION,5
REDSHIFT_TEST,5
README_WAREHOUSE,5
RDS_DB,5
RAVEN,5
RAPIDAPI,5
RAPID,5
QUAY_ROBOT,5
QUAY_RHACS,5
QC,5
PYTHON,5
PYPY,5
PVS_STUDIO,5
PVS,5
PUBLIC_KEY,5
PST,5
PROJECT_PATH,5
PROFILE,5
PROD_REMOTE,5
PRODUCTS,5
PRODUCTION_DB,5
PRODUCTION_APP,5
PRIVATE_PYPI,5
PREPROD,5
PRAW,5
POSTHOG,5
PORTFOLIO,5
PLUGINDOCS_DEPLOY,5
PLUGINDOCS,5
PLAUSIBLE,5
PI_GITHUB,5
PIP,5
PGSQL,5
PGADMIN,5
PCFONE,5
PAT_GITHUB,5
PARENT,5
PAKETO,5
PAGERDUTY,5
PAGE,5
PACT_BROKER,5
OWSEC,5
OUTPUT,5
OTA,5
ORIGINAL,5
ORACLEDB,5
OPT_ACCOUNT,5
OPERATOR_PROD,5
OPERATOR_MAINNET,5
OPERATOR_DEV,5
OPENWEATHER,5
OPENDAL_AZDFS,5
OPENDAL,5
OKTETO,5
OKTA_499446,5
OI,5
OAUTH_GITHUB,5
NX_CLOUD,5
NR,5
NPM_AUTH,5
NOTARIZATION,5
NODEMAILER,5
NIGHTLIES_RSYNC,5
NEXUS_PUBLISH,5
NEWS,5
NEST_APP,5
NEST,5
NAVER_CLIENT,5
MY_AWS,5
MUMBAI,5
MULE,5
MS_TEAMS,5
MONGODB_ATLAS,5
MODULE,5
MOAUTO,5
MM,5
MI,5
MESSAGE,5
MEILISEARCH,5
MAXMIND,5
MAX,5
MATCH_GIT,5
MASTER_AWS,5
MARKET,5
MAC_OS,5
MACOS_NOTARIZE,5
LWTV,5
LOG4J2_ADX,5
LOG4J2,5
LMS,5
LITMUS,5
LINE_CHANNEL,5
LATEST,5
LARGE,5
KUBECONFIG_CLUSTER,5
KILI,5
KIA,5
KEYSTORE_STORE,5
KEYSTONE_PROD,5
KEYSTONE,5
KESTREL,5
KBC,5
K8S_NAMESPACE,5
JDBC,5
IOS_CERTIFICATE,5
INVITE,5
INTERNAL_API,5
INTELLIJ,5
INTEG,5
INSTALLER,5
INDEXER_PROD,5
INDEXER_DEV,5
IDOBATA,5
IDEE,5
IBM_CF,5
IAP,5
IA,5
HONEYCOMB,5
HEROKU_API,5
HEDERAS,5
GUESTY,5
GRADLE_ENTERPRISE,5
GPC,5
GOOGLE_SVC,5
GOOGLE_AUTH,5
GOOGLECLOUD,5
GO,5
GITLAB_REGISTRY,5
GITEE_SYNC,5
GITEA,5
GH_USER,5
GH_REPO,5
GH_PUSH,5
GHA_AWS,5
GCP_DEV,5
GCLOUD_SERVICE,5
GATEWAY,5
GALILEO,5
GAE,5
FTP_USERNAME,5
FRONT_END,5
FORCE,5
FONT_AWESOME,5
FLY_API,5
FIREBASE_TEST,5
FIREBASE_MESSAGING,5
FIREBASE_DATABASE,5
FIREBASEAPPDISTRO_APP,5
FILE_SERVICE,5
FILES,5
FEISHU,5
FEED,5
FASTLY,5
FAMILYTREE,5
FALCON,5
FACTORY,5
F5XC_API,5
EXTENSION,5
EXT,5
EXANTE,5
ETH_NODE,5
ETHERSCAN,5
ERD_VM,5
ERD,5
ENV_S3,5
ELASTIC,5
EKS_CLUSTER,5
ECS_SERVICE,5
ECS_CLUSTER,5
E2E_SNOWFLAKE,5
E2E_SLACK,5
E2E_GH,5
DYNA,5
DS,5
DRIVE_SERVER,5
DREAMHOST,5
DOT_ENV,5
DOMAIN_API,5
DOCUMENTATION,5
DOCKER_PULL,5
DOCKER_PASSWORD,5
DOCKER_GITHUB,5
DOCKER_CONTAINER,5
DOCKERHUB_USERNAME,5
DNS,5
DL,5
DISCORD_URL,5
DING_TALK,5
DI,5
DHIS2_BOT,5
DEV_POSTGRES,5
DEV_KEYS,5
DEV_DEPLOY,5
DEV_AZURE,5
DEVHUB,5
DEPLOY_CF,5
DEMO_SSH,5
DECRYPTION,5
DEBUG_KEY,5
DCAPAL,5
DB_PROD,5
DATADIFF,5
DATACOVES,5
DATABRICKS_TEST,5
CYPRESS_RECORD,5
CWS,5
CV_LOC,5
CURSE,5
CS,5
CRON,5
CRM,5
CRATES_IO,5
CPP,5
COUNTLY,5
COSMOS_DB,5
CORTEX_ANDROID,5
COOLSMS,5
CONVERTKIT,5
CONSUL,5
CONFLUENT,5
COMMUNITY,5
CODESIGN_CERT,5
CODEARTIFACT,5
CODACY,5
COCKTAIL,5
CLOUD_SQL,5
CLOUDIFY,5
CLI,5
CI_MACOS,5
CI_EMAIL,5
CHECK,5
CHATGPT,5
CHANGELOG,5
CH,5
CF_WEBSERVICES,5
CERTIFICATES,5
CDM5_SQL,5
CDM5_REDSHIFT,5
CDM5_POSTGRESQL,5
CDM5_ORACLE,5
BUNGIE,5
BUILD_SSH,5
BUILDKITE,5
BROWSER_STACK,5
BOOK_IT,5
BLUEBIRDPS,5
BLACKDUCK,5
BIGML_EXTERNAL,5
BENCH,5
BB,5
BASIC_AUTH,5
BAHMNI,5
AZURE_SUBSCRIPTION,5
AZURE_SERVICE,5
AZURE_SEARCH,5
AZURE_REGISTRY,5
AZURE_PUBLISH,5
AZURE_PROD,5
AZURE_KEY,5
AZURE_FUNCTION,5
AWS_TEST,5
AWS_SQS,5
AWS_SG,5
AWS_PRODUCTION,5
AWS_OIDC,5
AWS_HOST,5
AWS_CICD,5
AWS_CF,5
AWS_APP,5
AVALANCHE,5
AUTO_COMMIT,5
AUTONOMY,5
AUTOMERGE,5
AUTH_ZERO,5
AUTH_CLIENT,5
AUTHOR,5
AUTH0_DEV,5
AUGUST,5
AT_EDX,5
AST,5
ASOC,5
ARTIFACTS,5
ARMBIAN,5
APTIBLE,5
APPSTORECONNECT,5
APPLE_KEY,5
APPLE_APP,5
APPID,5
API_SERVER,5
ANSIBLE_VAULT,5
ANOTHER,5
ANGULAR,5
ANDROID_APP,5
AMAP_MARIADB,5
AMAP,5
ALIYUN_DOCKER,5
ALIYUN_ACCESS,5
ALCHEMY_POLYGON,5
AIR,5
AIO,5
AGENT,5
ADMIN_DB,5
ACR_SP,5
ACM_CONFIG,5
ACI,5
ZOOM,4
ZOHO,4
ZLINUX,4
ZIA,4
ZERO_DOC,4
ZERO,4
ZENML,4
ZENDESK,4
ZAPBOT,4
YOUR_GITHUB,4
YEAR_PROGRESS,4
YEAR,4
YC_VM,4
YANDEX,4
XIVASTUDIO_SOURCEFORGE,4
XIVASTUDIO_OSDN,4
XCODE,4
WXW,4
WX,4
WORKER_ENV,4
WOLF,4
WM_TEST,4
WINDOWS_CODE,4
WIDGET,4
WHISPER_CHAIN,4
WHISPER,4
WHEELS,4
WHALE_NET,4
WHALE,4
WEEK_PROGRESS,4
WEEK,4
WEB_SECURE,4
WEB_EMAIL,4
WEBSITE_SERVER,4
WEATHER_API,4
WATCHTOWER,4
WASH,4
WAREHOUSE,4
WAPO,4
WANDB,4
WAKEMEBOT_APTLY,4
WABLI_SERVER,4
WABLI,4
VSCE,4
VPS_SSH,4
VP,4
VITE_CONTENTFUL,4
VIRTUAL_AP,4
VIRL2_CONTROLLER,4
VIPM_FTP,4
VIPM,4
VIP,4
VERCEL_WITH,4
VERCEL_DEPLOY,4
VCS,4
VBR_AWS,4
VAULT_APPROLE,4
VAPOR,4
V2_QUAY,4
V1,4
USER_EMAIL,4
URI,4
UPTYCS,4
UPSTREAM,4
UPSTASH,4
UPLOADER,4
UNIT,4
UGRC_RELEASE,4
UGRC,4
TYPO3,4
TYPESENSE,4
TWITTER_USER,4
TUMBLR,4
TTBOT,4
TRAVIS,4
TRANSIFEX,4
TRALEBOT_SERVER,4
TRALEBOT,4
TRACE_SVR,4
TOWER,4
TOMCAT,4
TOKEN_NFTAR,4
TODO,4
TKE,4
TIP,4
TINA,4
TIDB,4
THIRD_PARTY,4
THIRD,4
THE,4
TF_S3,4
TF_ARM,4
TFSTATE,4
TEZOS,4
TEST_SEMPV2,4
TEST_REPO,4
TEST_POSTGRES,4
TEST_FTP,4
TEST_ENV,4
TEST_DNS,4
TEST_DATA,4
TEST_CHECKPOINT,4
TERRAFORM_GITHUB,4
TENCENT_COS,4
TELEGRAM_TO,4
TEAMCITY,4
TARGET_CLIENT,4
TAILWINDTRADERS,4
SWIPE,4
SWAPNIL,4
SVC,4
SURVEYS,4
SUPERMARKET,4
SUPABASE_URL,4
ST_MONGO,4
STRYKER,4
STRIPE_KEY,4
STORAGE_BUCKET,4
STMT_DB,4
STMT,4
STEAMSHIP_API,4
STATIC_WEBSITE,4
STATICMAN,4
STAMP,4
STAGING_TESTNET,4
STAGING_SENTRY,4
STAGING_MAINNET,4
STAGING_DB,4
STAGE_LIMITS,4
STAGE_KAFKA,4
STAGE_AZREDIS,4
STACK,4
SSH_PRODUCTION,4
SSH_PROD,4
SSHD,4
SQ,4
SPOTIFY_CLIENT,4
SOURCEFORGE,4
SOP,4
SONATYPE_PGP,4
SONARTYPE,4
SOLUTION,4
SNS,4
SMTP_HOST,4
SMPP2API,4
SMART,4
SLATE_API,4
SLATE,4
SLACK_WEB,4
SLACK_USER,4
SLACK_GHA,4
SLACKTOKEN_INTEGRATION,4
SLACKTOKEN,4
SITE_DEPLOY,4
SIMPLE,4
SIL_COMMS,4
SIGN_PFX,4
SIGNPATH,4
SIGNING_RELEASE,4
SF_ROLE,4
SF_PASSWORD,4
SF_DATABASE,4
SF_ACCOUNT,4
SFTP_TFB,4
SETTINGS,4
SES,4
SERVICE_TOKEN,4
SERVICENOW,4
SERVER_SONATYPE,4
SERVER_ADDRESS,4
SEMGREP,4
SECRET_USER,4
SECRET_TWITTER,4
SECRET_SESSION,4
SECRET_GOOGLE,4
SECRET_DB,4
SECOPS_PROD,4
SECOPS,4
SE,4
SDK_TEAM,4
SC_SERVICE,4
SC_QUAY,4
SCRIPT,4
SCRIBE,4
SCHEMA_DEPLOY,4
SCALEWAY,4
SCALA,4
SA_PASSWORD,4
SAMEPAGE,4
SALESFORCE_CONSUMER,4
S3_PUBLIC,4
RYEBOT,4
RWT,4
RWM,4
RTD_WEBHOOK,4
RS_AWS,4
RR_SQS,4
RPC_URL,4
ROXY,4
ROL,4
ROAM,4
REST_SERVER,4
REPORTING,4
RENKUBOT,4
RENKU,4
RENDER_DEPLOY,4
REMOTE_SSH,4
RELEASE_PLEASE,4
RELEASE_KEY,4
RELEASE_CONFIG,4
RELEASE_BOT,4
RELEASES_SSH,4
RELAY,4
REGDYN,4
REDIS_HOST,4
REDHAT_REGISTRY,4
REDBRICK_SDK,4
REDBRICK,4
REALM_ATLAS,4
RDO,4
RC,4
RBOT_TWITTER,4
RBOT,4
RAPID_API,4
RAPIDSAI,4
QUAY_USERNAME,4
QUAY_PASSWORD,4
QT,4
QBS,4
PYPI_USERNAME,4
PYPI_PUBLISH,4
PUZZLE,4
PUSH_TO,4
PUSHER,4
PUBLIC_WEB,4
PUBLIC_ECR,4
PUBLIC_DERS,4
PT,4
PSTOOLS,4
PSQL,4
PSGALLERY,4
PRO_APP,4
PROJECT_NAME,4
PROD_SMTP,4
PROD_KAFKA,4
PROD_GOOGLE,4
PROD_GITHUB,4
PROD_GCP,4
PROD_APP,4
PROD_API,4
PRODUCTION_WEBSITE,4
PRODUCTION_SENTRY,4
PRODUCTION_FE,4
PRODUCTION_BE,4
PRIVATE_SSH,4
PRIVATE_ECR,4
PRISMIC,4
PORKBUN,4
POCKET_NETWORK,4
PNPTESTING_MSAL,4
PLEX,4
PLAYWRIGHT_AUTH,4
PLAYER,4
PLANETSCALE,4
PIN,4
PHP,4
PG_USER,4
PG_HOST,4
PG_DB,4
PG_CONNECTION,4
PERSONAL_GITHUB,4
PERF_ELASTICSEARCH,4
PERFORMANCE,4
PD,4
PCLOUD,4
PCC,4
PAYTURE,4
PAT_TOKEN,4
PAT_REPO,4
PATREON,4
PANUBUILD,4
PACKAGER,4
OVPN,4
OVH_REMOTE,4
OVERLEAF,4
OSS_SECRET,4
OSS_PROD,4
OSS_ACCESS,4
OSG,4
OSDN,4
ORY,4
ORIGINAL_KEYSTORE,4
ORG_NETFLIXOSS,4
OPENSHIFT_NAMESPACE,4
OPENPHARMA,4
ONE_PASSWORD,4
OKX_API,4
OKTAPAM,4
OKE,4
OIDC_ROLE,4
OBF,4
NUM,4
NOTARIZE_APPLE,4
NORDIGEN,4
NOMAD,4
NODE_EMAIL,4
NIX,4
NICKCHAN_FTP,4
NICKCHAN,4
NGROK_AUTH,4
NGINX_SERVER,4
NGINX_PROD,4
NG,4
NFT,4
NEXTAUTH,4
NETLIFY_AUTH,4
NCLOUD_REMOTE,4
NCLOUD_DEV,4
NAMECHEAP,4
NAME,4
MYSQL_ROOT,4
MYSQL_DATABASE,4
MYDOC,4
MQTT_ADMIN,4
MOONPAY,4
MONGO_INITDB,4
MONDOO,4
MONA,4
MOBBIN,4
MISC_SERVER,4
MISC,4
MIRROR,4
MINIO_CN,4
METIER,4
MESSAGING,4
MESHERY_CLOUD,4
MESHERY,4
MENDER,4
MEDIA_PROVIDER,4
MEDIAWIKI,4
MEDIA,4
MCSV,4
MB_SNOWFLAKE,4
MATURIN,4
MASTER_POSTGRES,4
MARIADB,4
MAP_REPORT,4
MAPS,4
MAPBOX_TOKEN,4
MAP,4
MANIFESTS,4
MANIFEST,4
MAIN_VITE,4
MAIL_USER,4
MAIL_TO,4
MAIL_FROM,4
MAILCHIMP,4
MAC_DEVELOPER,4
MAC_BUILD,4
MACOS_SIGNING,4
MACOS_KEYCHAIN,4
MACOS_DEVELOPER,4
MACOS_APPLE,4
LUXMED,4
LTMS,4
LRS_RES,4
LRS,4
LOTTIE,4
LOKI,4
LOAD_TEST,4
LMS_SSH,4
LMAXIM,4
LM,4
LIQUIBASE_COMMAND,4
LINKEDIN_OAUTH2,4
LEETCODE,4
LAMBDA_FUNCTION,4
KS,4
KOROK,4
KIO,4
KIAM,4
KHE_DEV,4
KHE,4
KEY_JWT,4
KEYSTRORE,4
KEYSTORE_JKS,4
KEYSTORE_FILE,4
KBC_DEVELOPERPORTAL,4
KARAFKA_PRO,4
KARAFKA,4
KAKAO_NATIVE,4
KAGGLE,4
K8S_TOKEN,4
K8S_GHA,4
K8S_CA,4
K3SHOST,4
JUMP_SERVER,4
JS,4
JRELEASER_TWITTER,4
JRELEASER_NEXUS2,4
JOINFACES,4
JKS,4
JIRA_CLOUD,4
JINA,4
JF_ARTIFACTORY,4
JEST_BADGE,4
JARHC_COGNITO,4
JARHC,4
IS2,4
IPFS_PROJECT,4
IPFS_DEPLOY,4
IOS_FASTLANE,4
IOS_CERT,4
IOS_BUNDLE,4
IOS_APPSTORE,4
INTERNAL_TWITTER,4
INTERNAL_GOOGLE,4
INTERNAL_GITHUB,4
INFRASTRUCTURE,4
INFO,4
INFLUXDB,4
INFLUX,4
INF,4
INARA,4
IMGUR,4
IMAGE_REGISTRY,4
IMAGES_HUB,4
IMABARI,4
IIS_SERVER,4
IIS,4
IAS,4
HTTP_PROXY,4
HSEDUCK_BOT,4
HSEDUCK,4
HPEGL,4
HOSTING_SSH,4
HOOK,4
HOME_NEXUS,4
HOMEBREW_GITHUB,4
HMCTS_GITHUB,4
HMCTS,4
HIQ_AZUREBLOBSTORAGE,4
HIQ,4
HEX,4
HELM_REPOSITORY,4
HELM_CHART,4
HEALTH_CHECK,4
HC_RELEASES,4
HASURA_GRAPHQL,4
HASHING,4
HARBOR_REGISTRY,4
HAQQ_UPLOAD,4
HAQQ,4
GRAFANA_CLOUD,4
GRADLE_PUBLISH,4
GPG_PRIVATE,4
GP,4
GOVUK,4
GOOGLE_WORKLOAD,4
GOOGLE_SHEET,4
GOOGLE_SECRET,4
GOOGLE_OAUTH2,4
GOOGLE_CREDENTIALS,4
GOOGLE_CHAT,4
GOODREADS,4
GKE_SA,4
GIT_USER,4
GIT_REPO,4
GIT_ECR,4
GIT_CRYPT,4
GIT_CONFIG,4
GIT_ARM,4
GITLAB_API,4
GITHUB_PACKAGES,4
GITHUB1,4
GIGALIXIR,4
GH_SITE,4
GH_REPOSITORY,4
GH_RELEASE,4
GH_EXTERNAL,4
GH_ENCRYPTED,4
GH_CONTAINER,4
GH_BOT,4
GH_API,4
GH_ACCESS,4
GHUB,4
GHOST_ADMIN,4
GHA_SVC,4
GETRO_API,4
GETRO,4
GETHNETWORK_PREFUNDED,4
GETHNETWORK,4
GEODB,4
GENIUS,4
GEMFURY,4
GCP_US,4
GCP_STORAGE,4
GCP_POSTGRESQL,4
GCP_MYSQL,4
GCP_IMAGE,4
GCP_BD,4
GCP_AUTH,4
GCLOUD_FETCH,4
GCF,4
GALAXY,4
FUNC_ELASTICSEARCH,4
FTP_REMOTE,4
FTP_DEPLOY,4
FT,4
FRP,4
FRONTEND_DEV,4
FRIENDS,4
FREEFAIR,4
FQ,4
FOREST,4
FONTAWESOME,4
FOLDER,4
FLICKR,4
FLARE,4
FISSION,4
FIRST_SUPERUSER,4
FIREBOLT_CLIENT,4
FIREBASE_MEASUREMENT,4
FIREBASE_ANDROID,4
FIGMA,4
FE_PROD,4
FE_DEV,4
FAUCET,4
FASTLANE_APPLE,4
FARADAY,4
FALLBACK,4
FAKE,4
EXTRA_INPUT,4
EXPORT,4
ER,4
ENV_SECRET,4
ENV_PROD,4
ENV_DB,4
ENV_CLIENT,4
ENV_API,4
ENVIRONMENT_URL,4
ENCRYPT,4
EMAIL_USERNAME,4
EMAIL_PASSWORD,4
ELK,4
ECR_REPO,4
ECR_AWS,4
EC2_HOST,4
EB,4
EAS,4
E2E_ADMIN,4
E,4
DYNA_TWITTER,4
DP,4
DOWNLOADS,4
DOLBYIO,4
DOKKU_AWS,4
DOCUSIGN,4
DOCS_SSH,4
DOCS_BOT,4
DOCKERHUB_USER,4
DOCKERHUB_IMAGE,4
DOCKERHUB_ACCESS,4
DJANGO_SECRET,4
DISTRIBUTION_CERTIFICATE,4
DISCUSSION,4
DIRT,4
DINGDING,4
DIGITALOCEAN_SSH,4
DEV_VITE,4
DEV_USER,4
DEV_REGISTRY,4
DEV_KEYSTORE,4
DEV_HUB,4
DEV_FTP,4
DEV_FRONT,4
DEVOPS_APP,4
DEVHOST,4
DEVELOPMENT_CERTIFICATE,4
DEVELOPER_APP,4
DESKTOP,4
DESIGN_DASH,4
DEPLOY_USER,4
DEPLOYMENT_REMOTE,4
DENO,4
DELETE,4
DEFAULT_JIRA,4
DEEPL,4
DCS,4
DCR,4
DC,4
DB_URL,4
DB_ADMIN,4
DATE,4
DATA_GOUV,4
DATA_API,4
DATASOURCE,4
DASHBOARD,4
DASH,4
DART_DEFINE,4
CYPRESS_APPSMITH,4
CVM,4
CUSTOMER,4
CURSEFORGE,4
CURRENCY,4
CTR,4
CSC,4
CREATE_PR,4
CORTEX_APPLE,4
CORS_ORIGIN,4
COR,4
COPYBARA,4
COPY,4
COOKIE_DOMAIN,4
CONVERTKIT_API,4
CONTRAST,4
CONTENTFUL_SPACE,4
CONTAINER_IMAGE,4
CONTAINER_APP,4
CONFIG_REPO,4
CONAN_PASSWORD,4
CONAN_LOGIN,4
COMMAND,4
CODE_SIGN,4
CODE_DEPLOY,4
CODECOMMIT_SSH,4
CLOUDSQL,4
CLONE,4
CLOJARS,4
CLASP,4
CL,4
CK_AWS,4
CKO,4
CI_TTN,4
CI_SSH,4
CI_MARKET,4
CI_JIRA,4
CI_IAM,4
CIRCLE,4
CHROME_WEB,4
CHAT_ID,4
CHAIN,4
CF_USERNAME,4
CF_SPACE,4
CF_PASSWORD,4
CELEBRATOR_RABBITMQ,4
CDN77,4
CASTLECI_STABLE,4
CASTLECI_DEVELOP,4
CARBON,4
BW_CLOUD,4
BUILDKIT,4
BUILDING,4
BTPSA_PARAM,4
BTPSA,4
BT,4
BS,4
BREW,4
BRAINTREE,4
BQ_PROJECT,4
BOT_MIRROR,4
BOT_GPG,4
BOOTSTRAP,4
BLOG_SSH,4
BLDR,4
BLACKFIRE,4
BL,4
BINTRAY,4
BINARIES_SSH,4
BINARIES,4
BIGQUERY_TEST,4
BE_PROD,4
BE_DEV,4
BENCHMARKS_WRITE,4
BD,4
BALENA,4
BAKER_AWS,4
BACKEND_URL,4
BACKEND_STATE,4
BACKEND_DEV,4
BACK4APP,4
AZURE_WASB,4
AZURE_TOKEN,4
AZURE_TENANT,4
AZURE_SPN,4
AZURE_LOG,4
AZURE_DEV,4
AZURE_DB,4
AZURE_B2C,4
AZURE_ARTIFACTS,4
AZURE_ADL,4
AZUREML_ICM,4
AWX,4
AWS_RUNTIME,4
AWS_PIPELINE,4
AWS_LAMBDA,4
AWS_DEMO,4
AWS_DB,4
AWS_DASHBOARD,4
AWS_ACCT,4
AVN,4
AUTOMATIC,4
AUTOMATED,4
AUDIT,4
AST_RND,4
ASF,4
ASC_KEY,4
ARTIFACT_SIGNING,4
ARTIFACT_S3BUCKET,4
ARTIFACT_REGISTRY,4
ARTIFACTORY_NUGET,4
ARTIFACTORY_ALGOL60,4
ARTICLES,4
ARM_SSH,4
ARGOCD_DEV,4
ARGO,4
APY_VOTE,4
APY,4
APP_NAME,4
APP_ID,4
APP_API,4
APPSTORE_KEY,4
APPSTORE_API,4
APPRUNNER,4
APPLE_DISTRIBUTION,4
APPLEID,4
APPINSIGHTS_CONNECTION,4
APPDOME,4
APOLLO,4
API_USER,4
API_DOCS,4
API_DEPLOY,4
APEX,4
AOC_SESSION,4
ANDROID_JKS,4
AM_AWS,4
AMI,4
AMADEUS,4
ALLOWLIST,4
ALLOWED_HOST,4
ALLINCL,4
ALI_ECS,4
ALGOLIA_API,4
ALFA_STAGE,4
ALFA,4
AIT,4
AIO_MASTER,4
AGENCEBIO_SSH,4
AGENCEBIO,4
AES,4
ADS,4
ADO,4
ADMIN_USER,4
ADL,4
ADFS,4
ACTIVITY,4
ACTIONS_SECRET,4
ACTIONS_ACCESS,4
ACT,4
ACRA,4
ACM_REPO,4
ACME,4
ACCESS_SECRET,4
A,4
_DATABASE,3
_AWS,3
ZPA,3
ZLINUX_SSH,3
ZIP,3
ZENODO,3
ZAT,3
ZAP_STAFFURL,3
ZAP_APPTMNTURL,3
Z,3
YUM_REPO,3
YOUTUBE_OAUTH,3
YOUTRACK,3
YOUR_DISCORD,3
YDX,3
YDB,3
YC_S3,3
YARN,3
YAADPAY,3
X_PLEX,3
X_GITHUB,3
XMLY_ACCUMULATE,3
XIAOMI,3
XCODE_AUTHENTICATION,3
WYRE,3
WTH,3
WSO2_BOT,3
WSO2,3
WPE_SSHG,3
WORDPRESS_DB,3
WIZ,3
WIN_SIGNING,3
WIN_CODE,3
WIKI_BOT,3
WIF_PROVIDER,3
WF_ENV,3
WF_AWS,3
WEBSPACE,3
WEBMENTION,3
WEBGO_SFTP,3
WEBGO,3
WEBAPI,3
WEBADE,3
WC,3
WAYFORPAY_MERCHANT,3
WAYFORPAY,3
WAYBACK,3
WASB,3
WANDB_API,3
WAKATIME_API,3
WAKA,3
VP_ALLOWED,3
VPS_SERVER,3
VNC,3
VM_ADMIN,3
VMWARE,3
VITE_SUPABASE,3
VITE_SANITY,3
VITE_GOOGLE,3
VITE_CLOUDINARY,3
VITE_BASE,3
VIRL2_NODES,3
VIP_SSH,3
VIMEO,3
VIDEO,3
VESPA_TEAM,3
VESPA,3
VERCEL_TEST,3
VERCEL_API,3
VARIABLES,3
VALUES,3
V3,3
V2_AWS,3
V1_SIGNING,3
USER_UPDATE,3
USER_ID,3
USER_GITHUB,3
USER2,3
URL_BASE,3
UP_BANK,3
UPDATER,3
UNIT_TESTS,3
UNITY_LICENSE,3
UNIONAI,3
UN,3
UIPATH_APP,3
UDID,3
UDEMY,3
UCENTRAL_S3,3
UCENTRAL,3
UACLIENT_BEHAVE,3
UACLIENT,3
U,3
TYPO3_API,3
TW_CONSUMER,3
TWO,3
TWITCH_BOT,3
TWINE_TOKEN,3
TUNNEL,3
TRANSAK_WIDGET,3
TRANSAK_API,3
TRAINER,3
TR,3
TO_EMAIL,3
TORUS_VERIFIER,3
TORUS_SUB,3
TOP_FTP,3
TOPIC,3
TOP,3
TOOLBOX,3
TOKENSEEDER,3
TOKENS,3
TODOIST_API,3
TMDB_API,3
TITILER,3
TIP_JIRA,3
TIMEPLUS,3
TILEDB,3
TIDB_CLOUD,3
TIC,3
TG_PROXY,3
TG_DEV,3
TG_CHAT,3
TG_API,3
TGTG,3
TF_CLOUD,3
TF_AWS,3
TFLIBSONNET_CI,3
TFLIBSONNET,3
TEST_STRIPE,3
TEST_REPORTER,3
TEST_PUBLIC,3
TEST_JBOSS,3
TEST_HOST,3
TEST_DEVICE,3
TEST_DATABASE,3
TEST_COVERAGE,3
TEST_CODING,3
TEST_AUTH,3
TEST_AIRTABLE,3
TEST_ADMIN,3
TESTRAIL,3
TESTNET_HOLO,3
TESTNET_AWS,3
TESTING_REMOTE,3
TESTINGS,3
TEST1,3
TERRAFORM_TOKEN,3
TERRAFORM_SSH,3
TERRAFORM_IO,3
TERRAFORM_AWS,3
TENCENTSCF,3
TEMPORAL,3
TELERIK,3
TELEMETRY,3
TELEGRAM_DEV,3
TELEGRAM_CHAT,3
TELEGRAM_CHANNEL,3
TELE,3
TECHDOCS_AWS,3
TDESIGN,3
TCB,3
TB,3
TAURI,3
TASK_DEFINITION,3
TARGET_SERVER,3
TARGET_AWS,3
TAP_CHECKLY,3
TAPIS,3
TAOTAO_CLOUD,3
TAOTAO,3
TANZU_NETWORK,3
TAIKUN,3
T,3
SYSTEM,3
SYNTHEA,3
SWA,3
SURF_CONEXT,3
SURF,3
SUPABASE_DATABASE,3
SUPABASE_ANON,3
SUB_FTP,3
SUBMIT,3
ST_EMAIL,3
ST_ELASTICSEARCH,3
ST_ADMIN,3
STUPID,3
STRIPE_TEST,3
STRIPE_SECRET,3
STRIPE_PREMIUM,3
STRIPE_API,3
STRAVA_CLIENT,3
STRAPI_EC2,3
STORYBLOK,3
STORE_PASS,3
STORAGE_ACCOUNT,3
STG_HOLOGRAPH,3
STEWARD_APP,3
STEAM_WORKSHOP,3
STEAM_DEPLOY,3
STEAMSHIP_STAGING,3
STDLIB,3
STATUS,3
STATS,3
STATICMAN_GITHUB,3
STARTER,3
START,3
STAMP_RALLY,3
STALE,3
STAG_AWS,3
STAGING_WEBHOOK,3
STAGING_SERVER,3
STAGING_S3,3
STAGING_REGISTRY,3
STAGING_GATSBY,3
STAGING_CLOUD,3
STAGING_CLIENT,3
STAGE_GOOGLE,3
STACK_ID,3
SSH_TEST,3
SSH_ROOT,3
SSH_PORT,3
SSH_KNOWN,3
SSH_EC2,3
SRE_BOT,3
SRE,3
SQL_DB,3
SPRING_R2DBC,3
SPRINGTIPS,3
SPRINGBOOTEXAMPLE,3
SPOTIFY_OAUTH,3
SPLUNKBASE,3
SPLIT,3
SPARKLE,3
SPACES_SECRET,3
SPACEJELLY_TUTORIALS,3
SPACEJELLY,3
SOURCE_AWS,3
SOUNDCLOUD,3
SORALD,3
SOP_SSH,3
SOPS,3
SOOS,3
SONATYPE_DEPLOY,3
SOLVER,3
SOLANA,3
SOL,3
SOFTWARE_APP,3
SOFTWARE,3
SNYK_ORG,3
SNS_EMAIL,3
SNOW,3
SNIPERBOT,3
SNAPSHOTS_PUBLISHING,3
SMU,3
SMTP_FROM,3
SMPP2API_SSH,3
SMARTPAY,3
SLASH,3
SLACK_TOKEN,3
SLACK_JS,3
SLACK_INCOMING,3
SLACK_HOOK,3
SLACK_BUILD,3
SLACK_APP,3
SLACK_API,3
SITE_URL,3
SIL_BLOOM,3
SILO,3
SIGN_CLIENT,3
SIGNING_IN,3
SIGNING_CERTIFICATE,3
SIGNATURE,3
SHOPIFY_CLI,3
SHOPIFY_API,3
SHEET_CLIENT,3
SF_CHANGE,3
SFSFSF,3
SFDX_HUB,3
SFDC_POCPROD,3
SFDC_POCDEV,3
SETTINGS_MODULE,3
SESSIONS,3
SERVICE_KEY,3
SERVICE_DOPPLER,3
SERVICES_SSH,3
SERVER_USER,3
SERVER_URL,3
SERVER_TEST,3
SERVER_SCM,3
SERVER_DEPLOY,3
SERVER_AWS,3
SERVERCHAN,3
SENTRY_AUTH,3
SENDGRID_API,3
SEMANTIC_RELEASE,3
SEMANTIC,3
SEGMENTIO,3
SEC_AWS,3
SECURE_SESSION,3
SECURESTACK,3
SECRET_JWT,3
SECRET_DJANGO,3
SECRET_ACCESS,3
SECRETS_FILE,3
SECRETMAGPIE,3
SEB_RENOVATE,3
SEB,3
SEARCH_ALGOLIA,3
SDK_REFERENCE,3
SDK_INTEGRATION,3
SCW_SECRET,3
SCW_DEFAULT,3
SCRIBE_DEV,3
SCREENER,3
SCRAPE,3
SCHEMA_VALIDATION,3
SCALYR,3
SCALA_STEWARD,3
SB_POSTGRES,3
SB_NGINX,3
SB_DJANGO,3
SBRW_LIBRARIES,3
SBRW,3
SBER_CLOUD,3
SBER,3
SA_KEY,3
SA_GH,3
SAWALA,3
SAUSAGE_WEB,3
SAUCE,3
SATIS,3
SATHISHJEE,3
SAS,3
SANITY_PROJECT,3
SANDBOX_OPENSHIFT,3
SANDBOXCR01,3
SALT,3
SAKE,3
SAFE,3
S3_KEY,3
S3_GITHUB,3
S3_DEV,3
S3SDK_AWS,3
S3SDK,3
RYU_CHO,3
RYU,3
RWT_AWS,3
RWM_AWS,3
RUST_TEST,3
RUSEFI,3
RUNTIME,3
RUDDER,3
RTM,3
RT,3
RS_USER,3
RS_PASSWORD,3
RS_HOST,3
RS_DATABASE,3
RS_BUCKET,3
RSP,3
RSCONNECT,3
RPM,3
ROUTE53,3
ROSETTA,3
RIOT,3
RF,3
REVIEW_API,3
REPO_USER,3
REPO_SSH,3
REPO_SECRET,3
REPO_GITHUB,3
REPO_ACCESS,3
RENOVATE_APP,3
REMOTE_TARGET,3
REMOTE_PROD,3
RELEASE_NOTES,3
RELEASE_FTP,3
RELEASE_DUBLOK,3
RELEASE_DB,3
RELEASE_APP,3
RELEASEBOT,3
REGISTRY_USERNAME,3
REGISTRY_URL,3
REGISTRY_PASSWORD,3
REDIS_CLOUD,3
REDIRECT_URI,3
REDDIT_CLIENT,3
RECIPIENT,3
RECAPTCHA_SECRET,3
README_API,3
RC_SSH,3
RATE_LIMIT,3
RASP,3
RANCHER2,3
RAINDROP,3
RAILS,3
RABBIT_MQ,3
RABBIT,3
QYON_BANK,3
QYON,3
QUOTE,3
QUIC,3
QUEUE,3
QUERIES,3
QUAY_USER,3
QUAY_REPO,3
QUAY_REGISTRY,3
QUAY_IMAGE,3
QUAY_API,3
QUANDL,3
QUAI_DNS,3
QUAI,3
QA_SLACK,3
QA_HOST,3
QAUYIO,3
Q,3
PYTEST,3
PYPI_USER,3
PWD,3
PUSH_USER,3
PUSHGATEWAY,3
PURVIEW,3
PUPPETEER,3
PULL_REQUEST,3
PUBLISH_SECRET,3
PUBLISH_PROFILE,3
PUBLISH_PACKAGE,3
PUBLIC_WS,3
PUBLIC_SUPABASE,3
PUBLIC_FIREBASE,3
PR_LOOP,3
PR_GITHUB,3
PROTECT_EARTH,3
PROTECT,3
PROPERTIES,3
PROMETHEUS,3
PROJEN,3
PROJ,3
PROFILESERVICE,3
PROD_TWITTER,3
PROD_SOLR,3
PROD_SCHEMA,3
PROD_S3,3
PROD_REGISTRY,3
PROD_OPENSHIFT,3
PROD_LAMBDA,3
PROD_GATSBY,3
PROD_FTP,3
PROD_FLATTENER,3
PROD_FILE,3
PROD_CP,3
PROD_CLIENT,3
PRODUCTS_DB,3
PRODUCTION_SSH,3
PRODUCTION_CLIENT,3
PRODUCTION_AU,3
PRODSERVER,3
PRIVATE_HOST,3
PRIVATE_GITHUB,3
PRIVATE_DOCKERHUB,3
PREVIEW_SERVER,3
PREVIEW_ENV,3
PREFECT_CLOUD,3
PRBOT,3
POWERPLATFORM,3
POSTMAN_PASSWORD,3
POSTGRES_SERVER,3
POSTGRES_PASSWORD,3
POSTGRES_DB,3
PORTAL_DEPLOY,3
PORTAL_DB,3
PORTAINER_BOT,3
POETRY_PYPI,3
POD,3
PNM_FTP,3
PNM,3
PLAYER_CLIENT,3
PLATFORM_STAGING,3
PLATFORM_QA,3
PLATFORM_PROD,3
PLATFORM_DEV,3
PLATFORMSH,3
PLANTON_CLOUD,3
PLANTON,3
PIPY,3
PIPSERVER,3
PINBOARD,3
PINATA_SECRET,3
PHONE_NUMBER,3
PG_READ,3
PG_PASSWORD,3
PGP_SECRET,3
PGP_KEY,3
PGP_INK,3
PERSONAL_TOKEN,3
PERF_PROVISION,3
PERF_PIN,3
PERFORMANCE_RTS,3
PENNSIEVE_API,3
PAZA_GITOPS,3
PAZA,3
PAYTURE_TERMINAL,3
PAYPAL_CLIENT,3
PALEWIRE_DOCS,3
PALEWIRE,3
PAKETO_BOT,3
PACKAGE_REGISTRY,3
PA,3
P12_VALUE,3
P12_KEY,3
OVH_SFTP,3
OVHCLOUD_REGISTRY,3
OVHCLOUD,3
OTTO,3
OTA_SERVER,3
OSX_NOTARY,3
OSS_USER,3
ORG_NAME,3
ORACLE_CLOUD,3
OPTIMISM,3
OPERATOR_HUB,3
OPEN_WEATHER,3
OPEN_VSX,3
OPENWEATHERMAP,3
OPENVSX,3
OPENSHIFT_GOLD,3
OPENSEARCH,3
OPENPHARMA_AWS,3
OPENEBOOKS_CLEVER,3
OPC,3
ONF,3
ONE_CLICK,3
ONEPASSWORD,3
ON,3
OMDB,3
OLD_KEYSTORE,3
OKTA_TEST,3
OI_SFTP,3
OIDC_AUTH,3
ODOO,3
ODATA,3
OCTOX,3
OCTOPUS_SERVER,3
OCTODEMOBOT,3
OCTAVIA,3
OCPD_SIGN,3
OCPD,3
OCI_PJNP,3
OCI_COMPARTMENT,3
OC4,3
OC,3
OBF_SIGN,3
OAUTH_PBSMIDATA,3
OAUTH_CEVIDB,3
NZAPLCONTAINERAPPWITHGIT,3
NZAPLCONTAINERAPPWITHCICD,3
NYT,3
NX_GOOGLE,3
NXOS,3
NUGET_SECRET,3
NUGET_PUSH,3
NUGET_PUBLISH,3
NUGET_ORG,3
NUGET_FEED,3
NUGETORG,3
NS,3
NR_API,3
NPM_USER,3
NPM_GITHUB,3
NP,3
NOVA,3
NOTION_DATABASE,3
NOTION_API,3
NOTIFY_SMTP,3
NOTIFY_EMAIL,3
NORDIGEN_SECRET,3
NONPROD_REGISTRY,3
NON,3
NODEEXPRESSBASICS,3
NOCODE_TEST,3
NOCODE,3
NIGHTLY_HOST,3
NICKNAME,3
NH173API,3
NGINX_IMAGE,3
NFT_STORAGE,3
NEXUS_COOKIE,3
NEXUSMOD,3
NEXT_CLOUDINARY,3
NEXT_CLOUD,3
NEXT_AUTH,3
NEWS_API,3
NEWRELIC,3
NEWCONTAINERAPP,3
NETLIFY_DEPLOY,3
NETLIFY_BUILD,3
NEPTUNE,3
NCM_API,3
NCM,3
NBDROID,3
NAVBAACR1,3
NASA,3
MY_POSTGRES,3
MY_OAUTH,3
MY_DOCKER,3
MYSQL_SERVER,3
MYCAREHUB,3
MYAPP,3
MYACA,3
MULTI,3
MTLS,3
MS_APP,3
MSSQL,3
MSPARTNER,3
MSFT,3
MSDOCSCONTAINERAPPNEW,3
MQTT_DB,3
MQ,3
MOZORG,3
MOVING,3
MOSENERGO,3
MORALIS_SERVER,3
MORALIS_APP,3
MORALIS_API,3
MONGO_URI,3
MONGO_CLUSTER,3
MONGODB_CONNECTION,3
MONGODB_CLUSTER,3
MOLLIE,3
MOBILE_AUTH,3
MNEMONIC,3
MLFLOW_TRACKING,3
MLFLOW,3
MK,3
MINT,3
MINIO_SECRET,3
MINIO_ACCESS,3
MINIGOLF,3
MICROSOFT_GRAPH,3
MICRONAUTEXAMPLE,3
MICRO,3
METRICS_TOKEN,3
METRIC,3
METADATA,3
METABASE_DB,3
METABASE,3
MESSAGING_SENDER,3
MERKELY,3
MELINDA,3
MEGA,3
MCLI,3
MCFORMATION_DATABASE,3
MB_MYSQL,3
MB_FTP,3
MB_ATHENA,3
MAVEN_UPLOAD,3
MATTER_PAT,3
MATTER,3
MATCH_APP,3
MASTODON_CLIENT,3
MASTER_SERVER,3
MASSDRIVER,3
MARQUEE,3
MARKETO,3
MAQ,3
MAPBOX_STYLE,3
MAPBOX_API,3
MAPBOX_ACCESS,3
MAIN_DB,3
MAINNET_RPC,3
MAINNET_HOLO,3
MAINNET_AWS,3
MAILOSAUR,3
MAC_STORE,3
MAC_INST,3
MAC_CERTS,3
MAC_APP,3
MACOS_CODE,3
LWDC,3
LUA,3
LT,3
LP13_SSH,3
LP13,3
LOG_ANALYTICS,3
LOGS_DB,3
LOGS,3
LOGIN_AUTHENTICATION,3
LOGGING,3
LOCATION,3
LOCAL_PROPERTIES,3
LOCALSTACK,3
LOADBOT,3
LMAXIM_KEY,3
LLVM,3
LIVE_TEST,3
LINODE_REMOTE,3
LINK,3
LINE_NOTIFY,3
LINEAR_STATUS,3
LIGHTSON,3
LIGHTDASH,3
LESGOURMETSNOMADES_WORDPRESS,3
LESGOURMETSNOMADES,3
LEGACY,3
LDS,3
LD,3
LASTFM,3
LARAVEL,3
LAMBDA_DEPLOYMENT,3
LAB_OBO,3
LABRINTH_ADMIN,3
LABRINTH,3
LA,3
KYU_DB,3
KYROCONTAPP,3
KYROCONTAINERAPP,3
KYRO,3
KWETTERTWEET,3
KV,3
KU_COIN,3
KUBEFLOW_PRODUCTION,3
KUBECTL_SECRET,3
KUBECONFIG_RAW,3
KUBECONFIG_BASE64,3
KU,3
KOSLI,3
KONG_ADMIN,3
KNOWN_HOSTS,3
KNOWN,3
KINTONE,3
KILI_USER,3
KIDSQUIZ,3
KIA_CA,3
KHEINA,3
KEY_PASSWORD,3
KEY_PASS,3
KEY_ANDROID,3
KEY_ALIAS,3
KEYMETRICS,3
KEYCLOAK_V2,3
KEYCLOAK_OAUTH2,3
KEYCLOAK_CLIENT,3
KEYCLOAK_AUTH,3
KEYCLOAK_ADMIN,3
KEYCHAIN,3
KESTREL_DISTRIBUTION,3
KERRYS_LEARNING,3
KERRYS,3
KEEVAULT_ANDROID,3
KEEVAULT,3
KEEP,3
KALMISBOT,3
KAKAO_REDIRECT,3
KAKAO_CLIENT,3
KAKAOMAP,3
K8S_ENDPOINT,3
K8S_CONFIG,3
JWT_KEY,3
JWT_EXPIRES,3
JWT_EXPIRATION,3
JSCRAMBLER,3
JRNL_BOT,3
JRNL,3
JRELEASER_GPG,3
JOY_RUN,3
JOIN,3
JIRA_USER,3
JIRA_TOKEN,3
JIRA_SYNC,3
JIRA_PROJECT,3
JIRA_ISSUE,3
JIRA_API,3
JIL,3
JEST_RUN,3
JD_JOY,3
JD_BEAN,3
JDJOY,3
JDDJ,3
JC_CI,3
JC,3
JASYPT,3
JARVISAPP,3
JANEWAY,3
JAMJON3_RPM,3
JAMJON3,3
IS_DB,3
IROHUB,3
IOS_PROVISIONING,3
IOS_MATCH,3
IOS_GPG,3
IOS_GOOGLE,3
IONOS_FTP,3
INTRA,3
INTERCOM,3
INTERACTSHRS_TEST,3
INTERACTSHRS,3
INTEGRATIONS,3
INSTALL,3
INSTAGRAM_APP,3
INPUT_ENV,3
INPUTAPP_BOT,3
INPUTAPP,3
INOA_RENOVATE,3
INOA,3
INGEST,3
INFURA_API,3
INFRA_CONFIG,3
INFRACOST,3
INFOBIP,3
INDIEGAMES,3
INCOMING_WEBHOOK,3
INCOMING,3
INCIDENT_PAGERDUTY,3
INCIDENT_GOOGLE,3
IMAGEKIT,3
IFRAMELY,3
IDENTITY_POOL,3
ICR,3
ICON,3
ICLOUD,3
IBMI_BUILD,3
IBMI,3
IB,3
I18N,3
HYBRID,3
HUNZG6,3
HUGGINGFACE,3
HUBITAT,3
HUAWEI_CLOUD,3
HUAWEI,3
HOSTINGER,3
HOSTED_SOLR,3
HOORY,3
HONKBOTAPP,3
HOMEBREW_DEPLOY,3
HOMEASSISTANT_LOKALIZE,3
HOLIDAILY_UPLOAD,3
HOLIDAILY,3
HMAC,3
HILAN,3
HIDDEN,3
HEROKU_PROD,3
HELM_CONFIG,3
HD_GOOGLE,3
HAVA,3
HASH,3
HARVEST,3
HARDHAT,3
HARBORREGISTRY,3
HANGFIRE,3
HACKAGE,3
HABITAT_AWS,3
HABITAT,3
GXSERVER,3
GUILD,3
GTM,3
GTAG,3
GS,3
GROUP,3
GRIPOPGRAS2SERVERAPP2022120617,3
GREENBONE_BOT,3
GREENBONE,3
GRAVITY,3
GRAPH_API,3
GRAFANA_PROM,3
GRADLE_SIGNING,3
GPG_SIGN,3
GPG_PUBLIC,3
GPG_DEPLOY,3
GO_INTEGRATION,3
GORELEASER,3
GOOGLE_REDIRECT,3
GOOGLE_PROVIDER,3
GOOGLE_PHOTOS,3
GOOGLE_MAP,3
GOOGLE_MAILER,3
GOOGLEDRIVEFS_TEST,3
GOOGLEDRIVEFS,3
GOLFVIEW_VMWARE,3
GOLFVIEW,3
GOLANG,3
GODOT,3
GMAIL_APP,3
GLITCH,3
GL,3
GKE_ZONE,3
GKE_PROJECT,3
GIT_MIRROR,3
GIT_DEPLOY,3
GIT_CONTAINER,3
GIT_AUTHOR,3
GITLAB_USER,3
GITLAB_TEST,3
GITLAB_MIRROR,3
GITLAB_ACCOUNT,3
GITHUB_USER,3
GITHUB_REPOSITORY,3
GITHUB_REF,3
GITHUB_PACKAGE,3
GITHUB_CLIENT,3
GITHUBS,3
GITHUBBOT,3
GIPHY,3
GH_VIDEOS,3
GH_SECRET,3
GH_SA,3
GH_PUBLIC,3
GH_PROJECTS,3
GH_PHOTOS,3
GH_OAUTH,3
GH_CI,3
GH_APPS,3
GHP,3
GHCR_IO,3
GHA_ECR,3
GG_NUGET,3
GF_NOTIFY,3
GE_APP,3
GET_STREAM,3
GESASSO_OAUTH,3
GESASSO_DJANGO,3
GENEXUS,3
GENERAL,3
GEM,3
GDASH_GITHUB,3
GDASH,3
GDAL,3
GCS_STAGING,3
GCS_RUNNER,3
GCS_PRODUCTION,3
GCS_BUCKET,3
GCS_AUTH,3
GCR_SERVICE,3
GCR_SA,3
GCP_WIF,3
GCP_TESTING,3
GCP_STG,3
GCP_SSH,3
GCP_PRD,3
GCP_GKE,3
GCP_FUNCTIONS,3
GCP_DEVELOP,3
GCP_BUCKET,3
GCP_ARTIFACT,3
GCLOUD_WORKLOAD,3
GA_TRACKING,3
GA_CLIENT,3
GATSBY_URL,3
GATSBY_SENTRY,3
GATSBY_GOOGLE,3
FXPEUPACCD02CA,3
FUNC_PROVISION,3
FUNC_PIN,3
FULL,3
FTP_STG,3
FTP_DEV,3
FRP_CONFIG,3
FRONT_LINER,3
FROM_EMAIL,3
FP,3
FOUNDRY,3
FOSSA,3
FORMS,3
FORM,3
FORESIGHT,3
FOR,3
FMG_API,3
FMG,3
FLY_TOKEN,3
FLYIO,3
FLIT,3
FLIPT_RELEASE,3
FLIPT,3
FLATTENER,3
FLANT_REGISTRY,3
FLANT,3
FLAG,3
FIRESTORE_PROJECT,3
FIRESTORE_CLIENT,3
FIREFOX_GALLERY,3
FIREBOLT_USERNAME,3
FIREBOLT_PASSWORD,3
FIREBASE_TOKEN,3
FIREBASE_SVC,3
FIREBASE_STAGING,3
FIREBASE_SENDER,3
FIREBASE_PRODUCTION,3
FIREBASE_FUNCTIONS,3
FIREBASE_CREDENTIAL,3
FIREBASE_CLIENT,3
FINE,3
FILE_VALIDATION,3
FERN_MAVEN,3
FEMAS,3
FEATURE,3
FB_PAGE,3
FATHOM_SITE,3
FAL,3
FACEBOOK_CLIENT,3
FACEBOOK_APP,3
EYMERIC,3
EXTERNAL_AWS,3
EXPO_APPLE,3
EXPLORER_CLIENT,3
EXPLORER,3
EXAMPLE,3
EVA,3
ETH_GOERLI,3
ETHERSCAN_API,3
ETERNAL,3
ESO,3
ESIAM_FTP,3
ESIAM,3
EOS_BP,3
EOS,3
ENV_TRUSTED,3
ENV_SOL,3
ENV_POSTGRES,3
ENV_PD,3
ENV_MERCURE,3
ENV_JWT,3
ENV_FILENAME,3
ENV_DEFAULT,3
ENOS_GPG,3
ENOS,3
ENGINE_API,3
ENDJIN,3
ENCRYPTION_KEY,3
EMAN,3
EMAIL_USER,3
EMAIL_TO,3
EMAIL_SENDER,3
EMAIL_ROBOT,3
EMAIL_RECIPIENT,3
EMAIL_LINKS,3
ELM,3
ELASTICUSER,3
ECS_SSH,3
ECS_CONTAINER,3
ECR_FLOWCODE,3
ECMWF_API,3
ECMWF,3
EBAY,3
EAZYOPS,3
E2T1M0T0RBACKEND,3
DYNAMICS,3
DW,3
DUMBAPI,3
DUCKDNS,3
DTRACK,3
DRONE_RPC,3
DRAGONBETWEEN_SSH,3
DRAGONBETWEEN,3
DR,3
DO_SECRET,3
DO_KEY,3
DO_CLUSTER,3
DO_ACCESS,3
DOWNLOADS_AUTOBUILT,3
DOTNET_UPDATER,3
DOTNET,3
DOKKU_SSH,3
DOGFOOD,3
DOCUMENTCLOUD,3
DOCS_FTP,3
DOCS_AWS,3
DOCSEARCH_DOCS,3
DOCSEARCH,3
DOCKER_USERNAME,3
DOCKER_UPLOAD,3
DOCKER_SSH,3
DOCKER_RSY,3
DOCKER_REG,3
DOCKER_PUBLISH,3
DOCKER_PRIVATE,3
DOCKER_PASS,3
DOCKER_LOGIN,3
DOCKER_HOME,3
DOCKER_ACCESS,3
DOCKERIO,3
DOCKERHUB_REPO,3
DOCKERHUB_REGISTRY,3
DOCKERHUB_AUTH,3
DOCKERAPPSAMERMALEKSHEDI,3
DLB_BOT,3
DLB,3
DJANGO_SUPERUSER,3
DJANGO_DATABASE,3
DJANGO_ADMIN,3
DJANGOAPPONAZURE,3
DI_RDS,3
DISTRIBUTION_ID,3
DISQUS,3
DISK_URL,3
DISCOURSE,3
DISCORD_WEBHOCK,3
DISCORD_BOT,3
DIOS,3
DINGDING_BOT,3
DIGMA,3
DIGITALOCEAN_API,3
DIGITALOCEAN_ACCESS,3
DIGILIB,3
DH_REGISTRY,3
DFX,3
DEV_US,3
DEV_TWITTER,3
DEV_SECRET,3
DEV_RANCHER,3
DEV_MAIL,3
DEV_KEY,3
DEV_ID,3
DEV_GKE,3
DEV_FOG,3
DEV_DOCKER,3
DEV_CP,3
DEV_CONTAINER,3
DEV_CLIENT,3
DEV_CA,3
DEV_ARGOCD,3
DEV_ANDROID,3
DEVTO,3
DEVELOPMENT_AZURE,3
DEVELOPMENT_AWS,3
DEVELOPMENT_AU,3
DEVELOPER_ID,3
DEVELOP,3
DEV01,3
DETA_PROJECT,3
DESTINATION_REPO,3
DESKPRO,3
DESIGN_DEPLOYER,3
DEPREM_PROD,3
DEPREM,3
DEPLOY_WEBHOOK,3
DEPLOY_TARGET,3
DEPLOY_PROXY,3
DEPLOY_PORT,3
DEPLOY_PATH,3
DEPLOY_HOOK,3
DEPLOYMENT_USER,3
DEPLOYMENT_TARGET,3
DEPLOYGATE,3
DEPLOYER_USER,3
DEMO_RENOVATE,3
DEMO_CF,3
DEMO_AWS,3
DEFAULT_DB,3
DEEP_INFRA,3
DEEP,3
DECRYPTKEY,3
DECKHOUSE_DEV,3
DEBUG_KEYSTORE,3
DD_SOURCE,3
DD_DESTINATION,3
DD_API,3
DB_URI,3
DB_STAGE,3
DB_PORT,3
DB_PASS,3
DB_HTTP,3
DB_CLUSTER,3
DB_BUILD,3
DBT_CLOUD,3
DBD_ARTIFACTORY,3
DBD,3
DATAVERSE,3
DATAHUB,3
DATACORDER,3
DATABASE_USERNAME,3
DATABASE_USER,3
DATABASE_PASSWORD,3
DATABASE_NAME,3
DAPPIFY_API,3
DAPPIFY,3
DANGER,3
DAIS_MACHINE,3
DAIS,3
DAGSTER,3
DAGSHUB,3
CYPRESS_USER,3
CYPRESS_TEST,3
CYPRESS_TENDERLY,3
CYPRESS_DHIS2,3
CYPRESS_BCEID,3
CYCLOMEDIA,3
CWBICI_DEVELOP,3
CWBICI,3
CUER_UPLOAD,3
CUER_SIGNING,3
CUBEJS,3
CS_CERT,3
CROWDIN_API,3
CROSSBOW,3
CREDS,3
CREDENTIAL,3
CRED,3
CRAZYCREW,3
CRANE,3
CP_API,3
CPANEL,3
COVERALLS,3
COVERALL,3
COVERAGE_TEST,3
COVALENT,3
COTURN,3
COST_AWS,3
COST,3
COSMOSDB,3
COSIGN_PRIVATE,3
CORTEX_UNITY,3
CORTEX_CERTIFICATES,3
CORTEX_APPSTORE,3
CORSO,3
COREINT_E2E,3
COREINT,3
COPYCAT,3
COOKIE_SECRET,3
CONTRACT,3
CONTENTSTACK,3
CONTENTFUL_PREVIEW,3
CONTENTFUL_MANAGEMENT,3
CONTENTFUL_ACCESS,3
CONTAINER_REPO,3
CONTAINER_REGISTER,3
CONTAINERAPPSLABAPP20221207150,3
CONTAINERAPPS20221116,3
CONTACT_EMAIL,3
CONTACT,3
CONSUMER_API,3
CONSOLE,3
CONNECTION_STRING,3
CONDA_UPLOAD,3
CONBENCH,3
CONAPPMICROHACKTST,3
CONAN_USER,3
COMPUTER,3
COMMIT_AUTHOR,3
COMMITBOT,3
COMMERCETOOLS,3
COMMENT,3
COLLECTOR,3
COLBYCLOUD_MEDIA,3
COLBYCLOUD,3
COGNITE,3
CODE_CERT,3
CODESCAN,3
CODEDEPLOY,3
CODECHECKER,3
COCOAPODS,3
COCKROACH,3
CNIL,3
CNEUROMOD_BOT,3
CNEUROMOD,3
CLOUD_VM,3
CLOUD_FUNCTION,3
CLOUDLEAGUEAPP,3
CLOUDINARY_CLOUD,3
CLOUDINARY_API,3
CLOUDFRONT_ID,3
CLOUDFLARE_RBAC,3
CLOUDFLARE_R2,3
CLOUDFLARE_GLOBAL,3
CLOUDFLARE_DEPLOY,3
CLOUDFLARE_ACCOUNT,3
CLOUDBASE,3
CLIENT_HOST,3
CLEVER,3
CLASP_SCRIPT,3
CKAN,3
CI_SP,3
CI_KEYSTORE,3
CI_INFOBIP,3
CI_GPG,3
CI_GIT,3
CITY,3
CIPIPELINE,3
CICD_SSH,3
CH_DB,3
CHROME_STORE,3
CHROME_APP,3
CHKP,3
CHARTS,3
CHANNEL_ID,3
CF_ZONE,3
CF_AUTH,3
CERTS,3
CERTIFICATES_P12,3
CERN,3
CD_SSH,3
CDN_REPO,3
CDN_DISTRIBUTION,3
CDM5_SPARK,3
CDK,3
CCLOUD_WEST,3
CCLOUD_NORTH,3
CAWEBAPIPUGDEMO,3
CATS,3
CAPROVER_APP,3
CALENDAR,3
BUNGIE_CLIENT,3
BUILD_WEBHOOK,3
BUILD_ROLE,3
BUILDREPO,3
BUILDER_CLIENT,3
BUCKET_NAME,3
BSI_LOGON,3
BRIGHTIFY_SIGNING,3
BQ_REGION,3
BQ_BUCKET,3
BOX,3
BOT_APP,3
BOOTIFUL,3
BOOST,3
BLUEHOST_FTP,3
BLUEHOST,3
BLOCKNATIVE,3
BLACKDUCK_API,3
BINPKG,3
BFF,3
BE_STUDENT,3
BENCHMARK_USER,3
BENCHMARK_CAPTEST,3
BENCHMARKS_CLICKHOUSE,3
BEHAT_PLUGIN,3
BEHAT,3
BC_VP,3
BAZEL,3
BASE_IMAGE,3
BASE_DOMAIN,3
BANK,3
BALLERINA,3
BAKER_BOT,3
BAHMNI_AWS,3
BACKUP_REPO,3
BACKEND_SERVER,3
BACKEND_API,3
BACKENDCONTAINERAPP,3
B2P_ACR,3
B2A,3
AZ_SP,3
AZ_REGISTRY,3
AZ_LATEST,3
AZURE_VM,3
AZURE_SECRET,3
AZURE_RESOURCEGROUP,3
AZURE_RESOURCE,3
AZURE_RBAC,3
AZURE_CONNECTION,3
AWS_TF,3
AWS_TESTING,3
AWS_SERVICE,3
AWS_SERVER,3
AWS_SECURITY,3
AWS_PROFILE,3
AWS_MAINNET,3
AWS_LINKED,3
AWS_IMAGES,3
AWS_DEPLOYMENT,3
AWS_DEFAULT,3
AWS_CACHE,3
AWS_AURORA,3
AWS_ASSUME,3
AWS_API,3
AVATAX_TAXRATESAPI,3
AUTH_SECRET,3
AUTH_MELI,3
AUTH_KEY,3
AUTH_DOMAIN,3
AUTH_ADMIN,3
AUTHUP,3
AUTHORIZATION,3
AUTH0_DOMAIN,3
AUTH0_CLIENT,3
AUDIT_LOG,3
ATTIC,3
ATP_REGISTRY,3
ATP,3
ATLAS_QA,3
ASWAN,3
ASTRONOMER,3
ASSET,3
ASK,3
ASC_API,3
ARTPROJ,3
ARTIFACT_SFTP,3
ARBITRUM_RPC,3
ARANGODB,3
APP_TELEGRAM,3
APP_SPECIFIC,3
APP_SMTP,3
APP_SECRETS,3
APP_PRIVATE,3
APP_IDENTIFIER,3
APP_GOOGLE,3
APP_EMAIL,3
APP_DEPLOY,3
APPS_JWT,3
APPSTORECONNECT_AUTH,3
APPLICATION_PROPERTIES,3
APPLE_STORE,3
APPLE_PROD,3
APPLE_NOTARIZATION,3
APPLE_DEV,3
APPLE_CERTIFICATES,3
APPLE_CERTIFICATE,3
APPENGINE_DEPLOY,3
APPENGINE,3
APPCENTER_OWNER,3
APP01ACAE,3
APOLLO_GRAPH,3
APK_SIGN,3
APK_KEYSTORE,3
API_URI,3
API_SECRET,3
API_ORIGIN,3
API_GITHUB,3
API_GATEWAY,3
API_CLIENT,3
APIM,3
AOC_USER,3
ANYSOFTKEYBOARD,3
ANTON_DOLGIKH,3
ANTON,3
ANSIBLE_SSH,3
ANSIBLE_GALAXY,3
ANDROID_SONATYPE,3
ANDROID_SIGN,3
ANDROID_GOOGLE,3
ANDROID_APPLICATION,3
ANALYZER_CLIENT,3
ANALYZER,3
AMBIENT,3
AMAZON_APPSTORE,3
ALTIUM_DB,3
ALTIUM,3
ALPHA_FTP,3
ALPHA_AZURE,3
ALPACA_API,3
ALPACA,3
ALOPECIA,3
ALL_INKL,3
ALI_DOCKER,3
ALGOLIA_INDEX,3
ALGOLIA_APP,3
ALGOLIA_ADMIN,3
ALDRA_GITHUB,3
ALDRA,3
ALCHEMY_MAINNET,3
AI_AZURE,3
AIR_TABLE,3
AIRT,3
AIRFLOW,3
AHOY,3
AG,3
AERISWEATHER_API,3
AERISWEATHER,3
ADYEN_TERMINAL,3
ADYEN_STOREPAYOUT,3
ADYEN_REVIEWPAYOUT,3
ADVENT_OF,3
ADVENT,3
ADOBE_BOT,3
ADOBE,3
ADMIN_TEAM,3
ADMIN_SSO,3
ADMIN_KEY,3
ADMIN_JWT,3
ADDON,3
ADABOT,3
AD,3
ACTNOW,3
ACTIONS_SLACK,3
ACTIONS_RUNNER,3
ACTIONS_AWS,3
ACR_USERNAME,3
ACR_REGISTRY,3
ACR_PASSWORD,3
ACRARIUM,3
ACMEUSERAPP2,3
ACK,3
ACC_TEST,3
ABUILD_KEY,3
ABUILD,3
ABFS_OAUTH,3
ABEL,3
AA,3
_DPLAY,2
ZULIP_TOKEN,2
ZULIP_SCHEDULED,2
ZSCANNER_CLIENT,2
ZSCANNER,2
ZPA_CLIENT,2
ZP,2
ZOTHUB,2
ZOTERO,2
ZOOM_API,2
ZJU,2
ZITI_MATTERMOST,2
ZITI_CI,2
ZIMMER,2
ZENODO_SANDBOX,2
ZENHUB,2
ZAPIER_REVIEW,2
ZAPIER,2
ZAGGBOT_APP,2
ZAGGBOT,2
YT,2
YR,2
YOUTUBE_API,2
YOUTRACK_TOKEN,2
YOUR_TOKEN,2
YOUR_SECRET,2
YOUR_SA,2
YOO_DOCKERHUB,2
YOOKASSA,2
YOO,2
YNUCPC_ACCESS,2
YNUCPC,2
YNAB,2
YML,2
YC_UI,2
YC_SA,2
YANDEX_OAUTH2,2
YAML,2
X_RAPIDAPI,2
X_NAVER,2
X_MICROCMS,2
XT,2
XRAY_CLIENT,2
XRAYCLOUD_CLIENT,2
XRAY,2
XPIPE,2
XLWINGS_LICENSE,2
XLWINGS,2
XERO_CLIENT,2
XERO,2
XENIT_DOCKER,2
XENIT,2
XB,2
XANDER_MAVEN,2
XANDER,2
WX_APP,2
WS_AUTH,2
WRITE_ACCESS,2
WOW_TOOLS,2
WOW,2
WORKFLOW_TOKEN,2
WORKFLOWS_SSH,2
WORDCLOUD_SSH,2
WORDCLOUD,2
WOLF_AWS,2
WLS,2
WKND_USER,2
WKND_BRANCH,2
WIZ_CLIENT,2
WIX,2
WIREGUARD,2
WIP,2
WIN_MSI,2
WIN_CSC,2
WIN_CODESIGN,2
WIN_CERTIFICATE,2
WINTER,2
WINGET,2
WINDOZE_CERT,2
WINDOZE,2
WINDOZA_CERT,2
WINDOZA,2
WINDOWS_TOKEN,2
WINDOWS_CSC,2
WINDOWS_CERTIFICATE,2
WIKI_CI,2
WIF_SERVICE,2
WIFI,2
WIDGET_STACK,2
WIDGET_REGION,2
WIDGETBOOK,2
WHATSAPP,2
WF_KUBE,2
WERF,2
WEB_USER,2
WEB_HOOK,2
WEB_EXT,2
WEB_DISCORD,2
WEB_DEPLOY,2
WEB_CLIENT,2
WEB_API,2
WEBSOCKETS_GITHUB,2
WEBSOCKETS,2
WEBSOCKET,2
WEBSITE_URL,2
WEBPUSH,2
WEBHOOK_SITE,2
WEBHOOK_SECRET,2
WEBEX,2
WEBDAV_AUTH,2
WEBAPP_CLOUDFRONT,2
WEBAPI_REGISTRY,2
WEBADE_OAUTH2,2
WEB3_STORAGE,2
WEB3_RPC,2
WEB3_INFURA,2
WEATHERSTACK,2
WCP,2
WAYBACK_MACHINE,2
WASABI_SECRET,2
WARCRAFTLOGS_CLIENT,2
WARCRAFTLOGS,2
WAPO_TB,2
WAPO_MY,2
WAPM,2
WALLET_SECRET,2
WALLET_PRIVATE,2
WAKA_API,2
WAKAPI,2
WA,2
VUE,2
VSS_NUGET,2
VSS,2
VSPHERE_USER,2
VSIX,2
VSF,2
VS,2
VPS_USER,2
VPS1,2
VPN_USERNAME,2
VPN_CERT,2
VPN_CA,2
VOYAGER,2
VOLUNTEER_JWT,2
VOLUNTEER,2
VOLARE,2
VNC_USER,2
VN,2
VM_USER,2
VM_INSTANCE,2
VK_OAUTH2,2
VKMS,2
VIV_S3,2
VIV,2
VITE_PUBLIC,2
VITE_DISCORD,2
VITE_DEV,2
VITE_CLIENT,2
VITE_BROWSERLESS,2
VITE_BE,2
VITE_ALGOLIA,2
VITE_ALCHEMY,2
VITE_AIRTABLE,2
VISPY,2
VIRUSTOTAL,2
VIDEO_QUEUE,2
VICO_USER,2
VICO_SIGNING,2
VERTX_NEXUS,2
VERTX,2
VERSION_BUMP,2
VERIFY,2
VERCEL_WEBHOOK,2
VERCEL_TOKEN,2
VERCEL_TEAM,2
VERCEL_ORG,2
VERCEL_NODE,2
VERACODE_API,2
VERACODE,2
VECTARA_CLIENT,2
VCPT_DOCKER,2
VCPT,2
VCD,2
VAULT_TOKEN,2
VAULT_ROLE,2
VAULT_LICENSE,2
VAULT_DOCKERHUB,2
VAULT_CLIENT,2
VATSIM_CLIENT,2
VATSIM,2
VAPOR_API,2
VAPID_KEY,2
VAPID,2
VALID,2
VAGRANT,2
V2_WS,2
V2RAY_SERVER,2
V2RAY,2
V,2
UWP_CERTIFICATE,2
UWP,2
USR,2
USER_TWO,2
USER_TOKEN,2
USER_PASSWORD,2
USER_ONE,2
USER_NAME,2
USER_DOCKER,2
USER_DEV,2
USER_ASSIGNED,2
USERS_WRITE,2
USERS_READ,2
USERSCRIPT_TURBO,2
USERSCRIPT,2
USERNAME_W,2
USERNAME_INTEGRATION,2
USERNAME_H,2
USERNAME_DOCKER,2
URL_ENVIRONMENT,2
URL_ENCODED,2
URBAN_AIRSHIP,2
URBAN,2
UP_OPERATOR,2
UPYUN_OPERATOR,2
UPWORK,2
UPTYCS_PROTECTUM,2
UPTYCS_PROTECTU,2
UPTRENDS,2
UPTOC_UPLOADER,2
UPTOC,2
UPTEST,2
UPSTASH_REDIS,2
UPLOADER_RES,2
UPGRADEABLE_APP,2
UPGRADEABLE,2
UPCLOUD_GO,2
UPCLOUD,2
UPBOUND_XP,2
UPBOUND_MARKETPLACE,2
UN_BIND,2
UNSTOPPABLE_DOMAINS,2
UNSTOPPABLE,2
UNSPLASH_ACCESS,2
UNO_PLATFORM,2
UNO,2
UNLOCK_PROTOCOL,2
UNLEASH_API,2
UNIVERSAL_GH,2
UNIVERSAL,2
UNIONAI_OSS,2
UNEX,2
UNENTITLED_IBM,2
UNENTITLED,2
UNCONFIRMED_USER,2
UNCONFIRMED,2
UMAMI_SITE,2
UMAMI,2
UI_TEST,2
UIPATH_CLIENT,2
UILICIOUS,2
UCLOUD,2
UCENTRALGW_AUTH,2
UCENTRALGW,2
UCENTRALFMS_S3,2
UCENTRALFMS,2
TYPE,2
TX,2
TW_USER,2
TW_OAUTH,2
TW_CONS,2
TW_CLIENT,2
TW_ACCESS,2
TWO_WEEKS,2
TWITTER_TOKEN,2
TWITTER_MINEIROS,2
TWITTER_KEY,2
TWITTER_ENCRYPTION,2
TWITTER_CLIENT,2
TWITTER_BEARER,2
TWITCH_CLIENT,2
TWINE_USERNAME,2
TWINE_REPOSITORY,2
TWINE_PASSWORD,2
TWILIO_NUMBER,2
TWILIO_AUTH,2
TVWIZ,2
TVORIES_APP,2
TVORIES,2
TUNSHELL,2
TUMBLR_OAUTH,2
TUMBLR_CONSUMER,2
TUIST_CONFIG,2
TUIST,2
TTL,2
TTBOT_API,2
TTBOT_ACCESS,2
TSUNOMUR,2
TRUXNELL_APP,2
TRUXNELL,2
TRUSTSTORE,2
TRINO_AWS,2
TRINO,2
TRIAGEBOT_JIRA,2
TRIAGEBOT,2
TREZOR_BOT,2
TREZOR,2
TRELLO_API,2
TREE,2
TRE,2
TRANSLOADIT,2
TRANSITLAND,2
TRANSIFEX_TOKEN,2
TRANSFORM,2
TRANSFER_API,2
TRANSFER,2
TRANSAK_DEFAULT,2
TRAMS_API,2
TRAMS,2
TRAINER_REGISTRY,2
TRADING_VIEW,2
TRADING,2
TRACKLIST_JSON,2
TRACKLIST,2
TRACING,2
TRAC,2
TOSTI_OAUTH,2
TOSTI,2
TOSKAREGISTRY,2
TORRENT,2
TOOLS_STORAGE,2
TOOLS_EDX,2
TOOLSMITHS,2
TOOLBOX_DOCKER,2
TOKEN_XAML,2
TOKEN_REQUEST,2
TOKEN_PROVIDER,2
TOKEN_GITHUB,2
TOKEN_ENVIRONMENT,2
TOKEN_CLIENT,2
TOKEN_APP,2
TOKEN_ACTION,2
TOKENSEEDER_MOSIP,2
TMP_KEYCHAIN,2
TMP_CLOUDFLARE,2
TL,2
TKE_REGISTRY,2
TITLE_W,2
TITLE_H,2
TITILER_REGISTRY,2
TISTORY,2
TIPPIE_REPO,2
TIPPIE,2
TINYBIRD_TOKEN,2
TINYBIRD,2
TINA_CLIENT,2
TIMEZONE,2
TIMETREE,2
TIMELESS,2
TIMECLOCK,2
TIME,2
TIC_PROD,2
TICKET_COLLECTOR,2
TICKET,2
TH_DB,2
TH_AURORA,2
THURSDAY_STAGING,2
THURSDAY,2
THUNDERSTORE,2
THE_GRAPH,2
THEME,2
THALIA_OAUTH,2
THALIA,2
TG_BOT,2
TGIT,2
TF_USER,2
TF_TOKEN,2
TF_STORAGE,2
TF_SERVICE,2
TF_GITHUB,2
TF_EC2,2
TF_API,2
TFSTATE_STORAGE,2
TFE,2
TEZOS_NODE,2
TEZOS_FAUCET,2
TEXTILE_ACCOUNT,2
TEXTILE,2
TEST_WORKSPACE,2
TEST_WALLET,2
TEST_VERCEL,2
TEST_TOKEN,2
TEST_TERRAFORM,2
TEST_SUITE,2
TEST_SPREADSHEET,2
TEST_SOLACE,2
TEST_SNYK,2
TEST_SECRET,2
TEST_REVIEWER,2
TEST_PROJECT,2
TEST_PRIVATE,2
TEST_PLATFORMSH,2
TEST_OPENSHIFT4,2
TEST_OIDC,2
TEST_NAVER,2
TEST_MOLLIE,2
TEST_MODE,2
TEST_MNEMONIC,2
TEST_MASTODON,2
TEST_MACHINE,2
TEST_LAMBDA,2
TEST_INSTANCE,2
TEST_HUB,2
TEST_HOSTTECH,2
TEST_GUILD,2
TEST_GITEE,2
TEST_GHCR,2
TEST_EMAIL,2
TEST_EDX,2
TEST_CHANNEL,2
TEST_CERTIFICATE,2
TEST_CDN,2
TEST_BASTION,2
TEST_AZUREIDIR,2
TEST_AUTH0,2
TEST_APPLE,2
TEST_APP,2
TEST_API,2
TEST_ACA,2
TESTSPACE,2
TESTKUBE_DEMO,2
TESTKUBE,2
TESTKIT_JWT,2
TESTKIT_HUB,2
TESTINGS_REGISTRY,2
TEST3,2
TEST2,2
TERRA_MAINNET,2
TERRAFORM_STORAGE,2
TERRAFORM_BUCKET,2
TERRAFORM_ACCESS,2
TERRA,2
TERMINUS_USER,2
TERMINUS_SITE,2
TER,2
TENTACLES,2
TENGXUN,2
TENDERLY_PROJECT,2
TENCENT_SECRET,2
TENCENT_SEC,2
TENCENT_REMOTE,2
TENCENT_DOKER,2
TENCENT_DOCKER,2
TENCENTSCF_SOURCE,2
TENANT,2
TEMP_KEYCHAIN,2
TEMPORAL_CLIENT,2
TEMPLATE_KEY,2
TEMPLATE_ID,2
TELEPORT_SSH,2
TELEGRAPH,2
TELEGRAM_TOKEN,2
TELEGRAM_TEST,2
TELEGRAM_SMARTBUILD,2
TELEGRAM_SHOPPE,2
TELEGRAM_SECRET,2
TELEGRAM_ID,2
TELEGRAM_GROUP,2
TELEGRAM_DEVOPS,2
TELEGRAM_CORE,2
TELEGRAM_CI,2
TELEGRAM_ADMIN,2
TECH,2
TEAMS_WH,2
TEAMS_WEBHOOK,2
TD_QUEUE,2
TD_COMPANY,2
TDM_APIKEY,2
TDM,2
TC_SECRET,2
TC_HELP,2
TCS,2
TCR,2
TCLI_AUTH,2
TCLI,2
TCB_SECRET,2
TCACHE,2
TASKSMANAGER_REGISTRY,2
TASKSMANAGER,2
TARGET_REPO,2
TARGET_FOLDER,2
TARGET_BRANCH,2
TAP_GITHUB,2
TAP_GETPOCKET,2
TAP_BITSO,2
TAPIS_DOCKERHUB,2
TANZU_REGISTRY,2
TANGEM_INSALES,2
TANGEM_CMS,2
TAICHI_PYPI,2
TAICHI,2
TAG_BUMP,2
TADO_CLIENT,2
TADO,2
TACHI,2
TABLE_STATE,2
TABLE_AIR,2
SYSELF_APP,2
SYSELF,2
SYNC_APP,2
SYMBOL,2
SWITCHBOT_SECRET,2
SWF_GPG,2
SWF,2
SWAPNIL_6383,2
SWAPNIL_4623,2
SWAG,2
SVN_USER,2
SVC_GH,2
SUSE_MIRRORING,2
SUSE,2
SURVEYS_SYSTEM,2
SURGE_TOKEN,2
SURFACE,2
SUPYBOT,2
SUPPLY,2
SUPABASE_TEST,2
SUPABASE_SERVICE,2
SUPABASE_PROJECT,2
SUPABASE_KEY,2
SUPABASE_JWT,2
SUPABASE_BIDDING,2
SUMMARY,2
SUDO,2
SUB_DIR,2
SUBNET,2
SUBMODULE_CONTENT,2
SUBMODULE_ACCESS,2
SUBMODULES,2
SUBGRAPH_FANTOM,2
SUBDOMAIN,2
ST_DOCKER,2
STUDIO,2
STUDENTS,2
STUB_REGISTRY,2
STUB,2
STRYKER_DASHBOARD,2
STRIPE_WEBHOOK,2
STRIPE_PUBLISHABLE,2
STRIPE_PUBLIC,2
STRIPE_PRO,2
STRIPE_LIVE,2
STRIPE_FREE,2
STREAM,2
STRAVA_API,2
STOSC_XERO,2
STOSC_DDB,2
STOSC_DB,2
STORYBOOK_SEED,2
STORYBLOK_TOKEN,2
STORAGEBUCKET,2
STOPLIGHT_CI,2
STOPLIGHT,2
STG_GCP,2
STFLAISCDN,2
STEVEYI_DOCKER,2
STEVEYI,2
STELLARDRIFT,2
STEAM_SSFN,2
STATUS_API,2
STATS_DEPLOYMENT,2
STATIC_FTP,2
STATIC_AZURE,2
STATIC_ASSETS,2
STATE_BUCKET,2
STARTER_CYPRESS,2
STAG_GH,2
STAGING_USER,2
STAGING_TOKEN,2
STAGING_SECRET,2
STAGING_RECAPTCHA,2
STAGING_LAMBDA,2
STAGING_KEYSTORE,2
STAGING_KEY,2
STAGING_GRAPHQL,2
STAGING_GOOGLE,2
STAGING_FTP,2
STAGING_FIREBASE,2
STAGING_DJANGO,2
STAGING_DEPLOY,2
STAGING_CDN,2
STAGING_BASE,2
STAGING_BACKEND,2
STAGE_AWS,2
STACKIT_SERVICE,2
STACKIT,2
STABILITY,2
SS_MULE,2
SS_MAVEN,2
SS_CLIENT,2
SSR_API,2
SSR,2
SSO_CLIENT,2
SSO,2
SSL_CERTIFICATE,2
SSH_TARGET,2
SSH_SECRET,2
SSH_PUBLIC,2
SSH_PUB,2
SSH_PEM,2
SSH_PASS,2
SSH_LOGIN,2
SSH_LB,2
SSH_IP,2
SSH_ID,2
SSH_GITHUB,2
SSH_DESTINATION,2
SSH_CHANNELS,2
SSH_CARD2BRAIN,2
SSHKEY,2
SRT,2
SRDB,2
SRC_DIRECTORY,2
SQUAWK_BOT,2
SQUAWK,2
SQL_PORT,2
SQL_HOST,2
SQL_ENGINE,2
SQL_CONNECTION,2
SQL_ADMIN,2
SP_VIDEOS,2
SPRING_SECURITY,2
SPRING_MAIL,2
SPRING_GOOGLE,2
SPRING_BOOT,2
SPRINGTIPS_FONTS,2
SPRINGBOOTEXAMPLE_REGISTRY,2
SPOTIPY_CLIENT,2
SPOTIPY,2
SPOTIFY_ID,2
SPOTIFY_CLIENTID,2
SPONSOR_CONNECT,2
SPONSORKIT,2
SPONSOR,2
SPOKE,2
SPO,2
SPN,2
SPLATOON,2
SPIDERMON_DISCORD,2
SPIDERMON,2
SPECTRO,2
SPEC,2
SPARKLE_PRIVATE,2
SPACE_TRACK,2
SPACE_INTERNAL,2
SPACE_CYBNITY,2
SPACES_ACCESS,2
SPACELIFT_API,2
SPACELIFT,2
SOURCE_CLIENT,2
SOURCERY,2
SOURCEMAP_USER,2
SOURCEMAP,2
SOURCECRED,2
SORALD_SIGNING,2
SONATYPE_SIGNING,2
SONATYPE_OSSRH,2
SONATYPE_OSS,2
SONATYPE_NEXUS,2
SONAR_PROJECT,2
SONAR_HOST,2
SONARQUBE_HOST,2
SONARCLOUD,2
SOME_SECRET,2
SOLVER_DB,2
SOLUTION_STORAGE,2
SOLIDITY,2
SOCIALGROOVYBOT_GPG,2
SOAR,2
SN_INSTANCE,2
SN_DEVOPS,2
SNYK_TOKEN,2
SNYK_API,2
SNOWFLAKE_ACCOUNT,2
SNO,2
SNIPERBOT_REGISTRY,2
SND_SPOTIFY,2
SND_MAIN,2
SNAP_PACKAGE,2
SNAP_BACKEND,2
SNAPSHOT_UPLOAD,2
SNAPLET_DATABASE,2
SNAPFU_AWS,2
SNAPFU,2
SNAPCRAFT_STORE,2
SNAPCRAFT_LOGIN,2
SMTP_SUPPORT,2
SMTP_EMAIL,2
SMTP_CONTACT,2
SMTP_AUTH,2
SMTP_APPLICATION,2
SMS_API,2
SMART_SUITE,2
SMARTTHINGS,2
SLUG,2
SLS_ORG,2
SLSA,2
SLS,2
SLASH_COMMAND,2
SLACK_SIGNING,2
SLACK_NOTIFICATION,2
SLACK_LS,2
SLACK_LIGHTHOUSE,2
SLACK_FOR,2
SLACK_DEV,2
SLACK_DEPLOYMENT,2
SLACK_DEPLOY,2
SLACK_CLIENT,2
SLACK_ALERT,2
SKIP,2
SK,2
SJW_DOCKER,2
SJW,2
SITESTUDIO,2
SITES,2
SITE15,2
SINGLESTOREDB,2
SINGBOX,2
SIMPLIFIER,2
SIMON,2
SILO_REGISTRY,2
SIGN_PKG,2
SIGN_KEYSTORE,2
SIGN_CERTIFICATE,2
SIGN_CERT,2
SIGNORE_CLIENT,2
SIGNORE,2
SIGNING_STORE,2
SIGNING_PRIVATE,2
SIGNING_KEYSTORE,2
SIGNING_GPG,2
SIGNING_GNUPG,2
SIGNINGKEY,2
SIGNIFY,2
SIGNICAT_CLIENT,2
SIGNICAT,2
SIGHTENGINE_API,2
SIGHTENGINE,2
SIDE_SHIFT,2
SIDE,2
SHUTTLE,2
SHUFFLE_BOT,2
SHUFFLE,2
SHR_S3,2
SHR,2
SHORT,2
SHOP_STORE,2
SHOP_PASSWORD,2
SHOP_APP,2
SHOPPY,2
SHOPIFY_THEME,2
SHOPIFY_STORE,2
SHOPEE,2
SHIPBOOK,2
SHEET_PRIVATE,2
SHEET_ID,2
SHEET_AUTH,2
SHEETS,2
SHARED_ACTIONS,2
SHA,2
SF_PW,2
SF_HEADER,2
SF_GPG,2
SF_CONSUMER,2
SFTP_UPLOAD,2
SFSFSF_REGISTRY,2
SFORM_GITHUB,2
SFORM,2
SFDX_AUTH,2
SFCC,2
SE_SSH,2
SETARE,2
SET,2
SESSION_KEY,2
SESSIONS_COSMOS,2
SERVICE_URL,2
SERVICE_PLAN,2
SERVICE_NAME,2
SERVICE_IMAGENAME,2
SERVICE_ID,2
SERVICENOW_DEVELOPER,2
SERVER_WEBSITE,2
SERVER_PATH,2
SERVER_MAVEN,2
SERVER_KEY,2
SERVER_IP,2
SERVER_ENV,2
SERVER_ENDPOINT,2
SERVER_EMAIL,2
SERVER_EB,2
SERVER_CI,2
SERVER_BUILD,2
SERVERPOD,2
SERVERLESS_AWS,2
SERVE,2
SERKAN,2
SEOUL_CITY,2
SEOUL,2
SENTRY_SERVER,2
SENTRY_ORG,2
SENTRY_ACCESS,2
SENTINEL,2
SENSU,2
SENSITIVE,2
SENHA,2
SENDGRID_SENDER,2
SENDGRID_NEW,2
SENDGRID_MERGED,2
SENDGRID_DOCUMENT,2
SELF_RUNNER,2
SEL,2
SEKRET_DOCKER,2
SEKRET,2
SEGMENT_GRAPHQL,2
SECURESTACK_API,2
SECRET_URL,2
SECRET_TWITCH,2
SECRET_TEST,2
SECRET_SECOND,2
SECRET_RELEASE,2
SECRET_POSTGRES,2
SECRET_NODE,2
SECRET_NAME,2
SECRET_COS,2
SECRETS_REPOSITORY,2
SECRETS_GITHUB,2
SECRETKEY,2
SECRETHUB,2
SCRIVITO,2
SCRIPT_ID,2
SCRIPTS,2
SCREENSHOTS,2
SCORECARD,2
SCHOOL,2
SCHEME,2
SCHEMA_REGISTRY,2
SCHEDULE_CLIENT,2
SCDF_ML,2
SCDF,2
SCCACHE,2
SCAN_FILES,2
SCAN,2
SB_REMOTE,2
SB_DOCKER,2
SBI,2
SA_USERNAME,2
SA_GPG,2
SAVE_CLOUD,2
SAVE,2
SAUSE,2
SAUSAGE_PUBLIC,2
SAUCELABS,2
SATIS_NETWORK,2
SATHISHJEE_REGISTRY,2
SAP_USER,2
SAP_TUTORIALS,2
SAPCX_ARTEFACT,2
SAPCX,2
SANITY_DEPLOY,2
SANITY_API,2
SANDBOX_SSO,2
SANDBOX_S3,2
SANDBOX_HTTP,2
SANDBOX_GITHUB,2
SANDBOX_CLIENT,2
SANDBOXCR01_USERNAME,2
SAMIR,2
SAMEPAGE_TEST,2
SAMEPAGE_AWS,2
SAM,2
SALSA,2
SALESFORCE_USERNAME,2
SALESFORCE_SECURITY,2
SALESFORCE_PASSWORD,2
SAKURACR,2
SAKE_SERVICE,2
SAFETY,2
SACLOUD_ACCESS,2
SACLOUD,2
S3_REGION,2
S3_PROD,2
S3_PATH,2
S3_OT3,2
S3_ENDPOINT,2
S3_CUSTOM,2
S3_CI,2
S3_AWS,2
S3_ASSETS,2
S3_ARTIFACT,2
S3_API,2
S3BUCKET,2
S,2
RYEBOT_WIKIGG,2
RW_GITHUB,2
RW,2
RUSTDOCS_SSH,2
RUSTDOCS,2
RUST84_APP,2
RUST84,2
RUSEFI_ONLINE,2
RUN_SA,2
RUN_GITHUB,2
RUN_COMMAND,2
RUNWHEN_NONPROD,2
RUNWHEN,2
RUNTIME_CI,2
RUNBIOSIMULATIONS_API,2
RUNBIOSIMULATIONS,2
RUMBLE,2
RUFF,2
RUBY_GEMS,2
RUBY,2
RTWEET,2
RTOOT,2
RTLXL,2
RTDS_WEBHOOK,2
RTDS,2
RS_REGION,2
RS_BUGSNAG,2
RSP_AWS,2
RSG,2
RSA_PUB,2
RPM_DT,2
RPC_OPTIMISM,2
RPC_ENDPOINT,2
RPA2,2
RPA1,2
RO_DOCKERHUB,2
ROXY_DEP,2
ROXY_API,2
ROUTE53_ZONE,2
ROOTCA_SIGNING,2
ROOTCA,2
ROL_API,2
ROLLBAR_TG,2
ROCKETCHAT_WEBHOOK,2
ROBOT_HSLID,2
ROAR_CI,2
RO,2
RNBO_PROJECT,2
RNBO,2
RMT,2
RMG,2
RM,2
RIVER_BOT,2
RIVER,2
RIOT_CI,2
RINKEBY,2
RIBON,2
RH_REG,2
RH_LIBRARY,2
RHUB_EMAIL,2
RHUB,2
RHSM_POOL,2
RG,2
REZILION,2
REVENUECAT,2
REVALIDATION,2
RESPONSE_TYPE,2
RESPONSE,2
REQUIREMENTS_BOT,2
REQUIREMENTS,2
REQUEST,2
REPO_SCOPED,2
REPO_PUBLISH,2
REPO_MANAGER,2
REPO_MAGENTO,2
REPO_ID,2
REPO_DISPATCH,2
REPO_DIR,2
REPOSITORY_READ,2
REPOSITORY_DISPATCH,2
REPOSITORY_ASSISTANT,2
REPOSILITE,2
REPORTS,2
REPORTING_ENDPOINT,2
REPLICATED_API,2
REPLICATED,2
RENOVATOR_APP,2
RENOVATOR,2
RENOVATE_GITHUB,2
RENOVATE_GIT,2
RENKU_DOCKER,2
RENKUBOT_DEV,2
RENDER_SERVER,2
RENDERING_REPORT,2
RENDERING,2
REMOTE_USER,2
REMOTE_KEY,2
REMOTE_DIR,2
REMOTE_DATABASE,2
REMOTESERVICEBASEURL,2
REMEMBIT_SUPABASE,2
REMEMBIT,2
RELIZA_WATCHER,2
RELIZA_HELM,2
RELIZA_FRONTEND,2
RELIZA_ECR,2
RELIZA_CD,2
RELIZA_BACKEND,2
RELIZA_API,2
RELEASE_WORKFLOW,2
RELEASE_WEBSITE,2
RELEASE_STORE,2
RELEASE_SSH,2
RELEASE_SFTP,2
RELEASE_QUAY,2
RELEASE_PYPI,2
RELEASE_PGP,2
RELEASE_NOTIFIER,2
RELEASE_LOCALMONERO,2
RELEASE_DOCKER,2
RELEASE_CRUST,2
RELEASE_CERT,2
RELEASE_ARTIFACTORY,2
RELEASE_AGORADESK,2
RELEASES_HOST,2
RELEASES_GPG,2
RELEASER,2
RELAY_API,2
REINDEX,2
REG_SUIT,2
REGISTRY_USER,2
REGISTRY_LOGIN,2
REFERENCE,2
REFERANDMONITOR_SUPPLIER,2
REFERANDMONITOR,2
REDIS_URL,2
REDIS_INSIGHT,2
REDIS_DB,2
REDIS_CONNECTION,2
REDIS_ADMIN,2
REDHAT_SUBSCRIPTION,2
REDHAT_MARKETPLACE,2
REDHAT_DEVELOPER,2
REDHATIO,2
REDEPLOY,2
REDDIT_APP,2
REDDIT_ACCOUNT,2
RECVER,2
RECREATE_DEVELOP,2
RECREATE,2
RECORD_REPLAY,2
RECORD_DEPLOYMENT,2
RECORDING,2
RECIPIENTS,2
RECEIVE,2
RECAPTCHA_SITEKEY,2
RECAPTCHA_SITE,2
REBECCA,2
REAL_AWS,2
REAL,2
README_DEVELOPERS,2
REACT_FRONTEND,2
RDS_PASSWORD,2
RDS_CERT,2
RDO_QUAY,2
RCLONE_CONF,2
RCLONE_B2,2
RAZORPAY_KEY,2
RAZORPAY,2
RAVEN_MAVEN,2
RAVELRY,2
RATE_LIMITER,2
RAREJOB,2
RAPIDSAI_PYPI,2
RAPIDSAI_GHA,2
RAPIDAPI_API,2
RANCHER_HUB,2
RANCHER_CLUSTERID,2
RAMP,2
RAKUTEN,2
RAGIC,2
RADIO_SERVER,2
RADIO,2
R5,2
R2_SECRET,2
R2G,2
Q_PRODUCTION,2
QYWX,2
QUOTE_API,2
QUOTES,2
QUERY,2
QUERIES_UPLOAD,2
QUAY_STACKROX,2
QUAY_RELEASE,2
QUAY_DEVELOPER,2
QUAY_CLANG,2
QUAY_CI,2
QUAY_BOT,2
QUAY_BF2,2
QUAY_BETA,2
QUAY_BASE,2
QUAYIO_REGISTRY,2
QUAYBOT,2
QUADRINHOS,2
QT_WINDOWS,2
QT_LINUX,2
QQ,2
QODANA,2
QC_TEMPLATE,2
QBS_MAVEN,2
QBS_DEV,2
QA_TESTER,2
QA_SSH,2
QA_REPORT,2
QA_DB,2
QAUYIO_ROBOT,2
PYXIS,2
PYWIKIBOT,2
PYTHON_REPOSITORY,2
PYTEST_COVERAGE,2
PYROSCOPE,2
PYPY_API,2
PYPI_REPO,2
PYPI_RELEASE,2
PYPI_PWD,2
PYPI_PUSH,2
PYPI_PASS,2
PYPI_KEY,2
PYPI_DEPLOY,2
PYPI_ARTIFACTORY,2
PYPIP,2
PXT,2
PW_GPG,2
PW_CLIENT,2
PUZZLE_REGISTRY,2
PUZZLE_REG,2
PUSH_TARGET,2
PUSH_REPO,2
PUSH_PLUS,2
PUSH_GITHUB,2
PUSHPLUS,2
PUSHOVER_USER,2
PUSHOVER_API,2
PUSHER_KEY,2
PUPPET_FORGE,2
PUPPETEER_REGISTRY,2
PUPPET,2
PULUMI_BOT,2
PULUMI_APP,2
PUBSUB,2
PUBLISH_USER,2
PUBLISH_TOKEN,2
PUBLISH_TO,2
PUBLISH_SIGN,2
PUBLISH_REPO,2
PUBLISH_NPM,2
PUBLISH_MUDBLAZOR,2
PUBLISH_GIST,2
PUBLISH_GH,2
PUBLISHER,2
PUBLIC_REPO,2
PUBLIC_RELEASE,2
PUBLIC_PAT,2
PUBLIC_NHOST,2
PUBLIC_MQTT,2
PUBLIC_GH,2
PUBLIC_FATHOM,2
PUBLIC_DOCKER,2
PUBLIC_AZURE,2
PUBLICREPO_AWS,2
PUBLICREPO,2
PT_DOCKER,2
PTERO,2
PS_GALLERY,2
PSYCHZ,2
PST_TOKEN,2
PST_KEY,2
PSMODULE_SIGNING,2
PSMODULE,2
PSIRT_CLIENT,2
PSIRT,2
PR_SUBMITTER,2
PR_APPROVAL,2
PROXY_SSH,2
PROXY_HOST,2
PROX,2
PROVISION_PROFILE,2
PROVIDER_URL,2
PROTO,2
PROMSCALE_EXTENSION,2
PROMSCALE,2
PROJEN_APP,2
PROJECT_WORKFLOW,2
PROJECT_BOARD,2
PROJECT_AUTOMATION,2
PROJECT_APP,2
PROJECTS_APP,2
PROJECTS_AND,2
PROGRESS,2
PROFILESERVICE_REGISTRY,2
PROD_USER,2
PROD_USE,2
PROD_STORAGE,2
PROD_SLACK,2
PROD_SECRET,2
PROD_PYPI,2
PROD_PRIVATE,2
PROD_PINGONE,2
PROD_PINATA,2
PROD_OIDC,2
PROD_LOG,2
PROD_KUBE,2
PROD_HOSTTECH,2
PROD_GH,2
PROD_EUW,2
PROD_DEPLOYMENT,2
PROD_DEPLOY,2
PROD_CONNECTED,2
PROD_COMMSHUB,2
PROD_CDN,2
PROD_CANARY,2
PROD_AZUREIDIR,2
PROD_ANYPOINT,2
PROD_ADMIN,2
PRODUCTION_SECRET,2
PRODUCTION_RECAPTCHA,2
PRODUCTION_ORY,2
PRODUCTION_GOCARDLESS,2
PRODUCTION_ENVIRONMENT,2
PRODUCTION_DJANGO,2
PRODUCTION_DEPLOY,2
PRODUCTION_API,2
PRODUCER,2
PROD0_CICD,2
PROD0,2
PROCESSOR,2
PROCESS,2
PRIVATE_TOKEN,2
PRIVATE_FEED,2
PRIV,2
PRINT,2
PREPROD_SSH,2
PREPROD_AWS,2
PREFECT_API,2
PRECOMMIT,2
PRE,2
PRAW_CLIENT,2
PPPOE,2
PPA_GPG,2
PPA,2
POWERSHELL_GALLERY,2
POWERSHELL,2
POWERPLATFORM_APPID,2
POSTMAN_WORKSPACE,2
POSTMAN_USERID,2
POSTMAN_PUBLIC,2
POSTMAN_API,2
POSTHOG_API,2
POSTGRES_USER,2
POSTGRES_PROD,2
POSTFINANCE_EMAIL,2
POSTFINANCE,2
POSEIDON_AWS,2
POSEIDON,2
PORT_CLIENT,2
PORTFOLIO_FIREBASE,2
PORTAL_GMAIL,2
PORTABLEAPPK,2
PORKBUN_SECRET,2
POOL,2
POLYGON_ALCHEMY,2
POLICYENGINE,2
POLARIS_SEVER,2
POLARIS_DOCKER,2
POLARIS_ACCESS,2
POD_ID,2
PODCAST,2
PM2,2
PLURAL,2
PLUGIN_PORTAL,2
PLUGIN_AWS,2
PLOI,2
PLG_STAGING,2
PLG,2
PLEX_API,2
PLAY_UPLOAD,2
PLAY_CONSOLE,2
PLAYSTORE_SERVICE,2
PLAYGROUND_RUNNER,2
PLAYFAB,2
PLATFORMIO,2
PLANET_API,2
PLANET,2
PLAN,2
PLAID_CLIENT,2
PLAID,2
PKG_GPG,2
PKG_CERTIFICATES,2
PKEY,2
PI_NUGET,2
PIXABAY,2
PIPELINE_USER,2
PIPELINE_GITHUB,2
PINATA_API,2
PICTOMETRY,2
PICKER_DINGTALK,2
PICKER,2
PICASSO,2
PHYLUM,2
PHD,2
PG_PORT,2
PG_PASS,2
PGY,2
PGUSER,2
PGSL,2
PGP_SIGNING,2
PGPORT,2
PGPASSWORD,2
PGL,2
PGHOST,2
PGDATABASE,2
PGADMIN_DEFAULT,2
PETIKCOM,2
PERSONAL_AWS,2
PERSONAL_API,2
PD_API,2
PC_SECRET,2
PCO,2
PCLOUD_OAUTH2,2
PCFONE_BUILDS,2
PAYWALL_APP,2
PAYWALL,2
PAT_UIG,2
PATH_TO,2
PATENT,2
PASS_WD,2
PASSWORK_GIT,2
PASSWORK,2
PASSWORD_W,2
PASSWORD_RESET,2
PASSWORD_INTEGRATION,2
PASSWORD_H,2
PASSWORD_DOCKERHUB,2
PASSWORD_DOCKER,2
PASSWD,2
PARTNER,2
PARSE,2
PARENT_ID,2
PANUBUILD_QUAYIO,2
PANUBUILD_DOCKERHUB,2
PANTHEON_SITE,2
PANTHEON_GREEN,2
PANTHEON_BLUE,2
PANDORAS,2
PANDAS,2
PANDABUY,2
PAKETO_BUILDPACKS,2
PAID_EPG,2
PAID,2
PAGODA,2
PAGES_DEPLOY,2
PAGESPEED,2
PADDLELABEL,2
PACTBROKER_AUTH,2
PACTBROKER,2
PACKER_CLIENT,2
PACKAGIST,2
PACKAGE_UPLOAD,2
PACKAGE_TOKEN,2
PACKAGE_SIGNING,2
PACKAGE_LIST,2
PACK,2
PABLO,2
PAAPI,2
P4,2
P1_REGISTRY,2
P1,2
P,2
OWSEC_DEFAULT,2
OVSX,2
OVH_HOSTING,2
OTN,2
OTCSWR,2
OS_PROJECT,2
OS_APPLICATION,2
OSX_SIGNING,2
OSX_NOTARIZATION,2
OSX_CSC,2
OSS_REGISTRY,2
OSS_PUBLISH,2
OSS_MINIO,2
OSS_KEY,2
OSS_INDEX,2
OSS_CENTRAL,2
OSS_CDN,2
OSS_BUCKET,2
OSS_AK,2
OSSRH_USER,2
OSSRH_STAGING,2
OSSRH_SIGNING,2
OSSRH_S01,2
OSSRH_REPO,2
OSSRH_JIRA,2
OSSR,2
OSSIA_WIN32,2
OSSIA,2
OSM,2
OSG_HUB,2
OSG_HARBOR,2
OSGEO,2
ORKA,2
ORG_VERACODE,2
ORG_TOKEN,2
ORG_SONATYPE,2
ORG_SIGNING,2
ORG_REGISTRY,2
ORG_IRS,2
ORG_DOCKERHUB,2
ORG_AWS,2
ORC,2
ORACLE_CONTAINER,2
OPS,2
OPMS,2
OPEN_PHARMA,2
OPEN_CARD,2
OPENWEATHER_APP,2
OPENSSL,2
OPENSKY,2
OPENSHIFT_TOOLS,2
OPENSHIFT4_TOOLS,2
OPENPODCAST_API,2
OPENPODCAST,2
OPENID,2
OPENFAAS_GATEWAY,2
OPENFAAS,2
OPENEBOOKS_MIDDLE,2
OPENEBOOKS_HIGH,2
OPENEBOOKS_EARLY,2
OPENEBOOKS_ALL,2
OPENAI_APIKEY,2
OPENAI_API,2
OP2102,2
OP1806,2
OOI,2
ON_PREM,2
ONTO_CLIENT,2
ONTO,2
ONRAMPER,2
ONION,2
ONESKY,2
ONESIGNAL,2
ONEDRIVE_AUTOMATION,2
OMR_DEPLOY,2
OLENAELIM_DOCKHUB,2
OLENAELIM,2
OKX_SECRET,2
OKX_PASSPHRASE,2
OKTA_SSO,2
OKTA_CLIENT,2
OKE_CLUSTER,2
OI_AWS,2
OIDC_GITLAB,2
OIDC_CLIENT,2
OH_CROWDIN,2
OH,2
OGD,2
OFFLINE_NGINX,2
OFFLINE,2
OFFICE,2
OE_LICENSE,2
OE,2
ODOO_HOST,2
ODESLI,2
OCTOPUS_API,2
OCTOKITBOT,2
OCTODEMOBOT_APPLICATION,2
OCTO,2
OCP_LOGIN,2
OCP_ADMIN,2
OCLIF_DEB,2
OCLIF,2
OCI_USER,2
OCI_TENANCY,2
OCI_SSH,2
OCI_REGISTRY,2
OCI_PJ,2
OCI_OS,2
OCI_KEY,2
OCI_CONFIG,2
OCCUPY_SECRET,2
OBJECT_DETECTION,2
OBJECT,2
OAUTH_URL,2
OAUTH_TOKEN,2
OAUTH_FACEBOOK,2
OAUTH_DOMAIN,2
OASYS,2
O2SWITCH,2
NZAPLCONTAINERAPPWITHGIT_REGISTRY,2
NZAPLCONTAINERAPPWITHCICD_REGISTRY,2
NUXT_EMAIL,2
NUGET_TOKEN,2
NUGET_SOURCE,2
NUGET_SERVER,2
NUGET_S3,2
NUGET_KEY,2
NUGET_GITHUB,2
NUGET_APIKEY,2
NUCLEOS,2
NTFY,2
NREL,2
NP_AWS,2
NPM_PACKAGE,2
NPM_API,2
NOTION_TOKEN,2
NOTION_BLOG,2
NOTIFICATION_TELEGRAM,2
NOTIFICATION_EMAIL,2
NOTATION,2
NOTARY_CERTKEY,2
NOSTR,2
NORDNET,2
NON_ROOT,2
NONPROD_CONNECTED,2
NOELWARE_PUBLISHING,2
NOELWARE,2
NODE_TWITCH,2
NODE_REGISTRY,2
NODE_REAL,2
NODE_PRE,2
NODE_ENV,2
NODEJS,2
NODEEXPRESSBASICS_REGISTRY,2
NO,2
NMDC_MONGO,2
NMDC,2
NLP_API,2
NLP,2
NIXBUILD_SSH,2
NIXBUILD,2
NIGHT,2
NH173API_REGISTRY,2
NG_SPOTIFY,2
NGS_USER,2
NGS,2
NGINX_CERT,2
NGBOT,2
NEXUS_RPMS,2
NEXUS_REPO,2
NEXUSMOD_COOKIE,2
NEXUSMODS,2
NEXUS2,2
NEXT_TEST,2
NEXT_LIVE,2
NEXTCLOUD_APPSTORE,2
NEXTAUTH_GITHUB,2
NEWT,2
NEWSTAGE_USER,2
NEWSTAGE,2
NEWCONTAINERAPP_REGISTRY,2
NEUTRINO,2
NEURO,2
NETWORK,2
NETSPARKER,2
NETLIFY_STAGING,2
NETLIFY_PREVIEW,2
NETLIFY_CRON,2
NETEASE_CLOUD,2
NETEASE,2
NETDATABOT,2
NESTOR,2
NEON_DOCKERHUB,2
NEOCITIES_API,2
NEOCITIES,2
NEO4J_LABS,2
NEO4J_DESKTOP,2
NEAR_MAINNET,2
NEAR,2
NCS_GITHUB,2
NCS,2
NCP_SERVERS,2
NCP_SERVER,2
NCP_SECRET,2
NCP_ACCESS,2
NCLOUD_BUCKET,2
NAVBAACR1_REGISTRY,2
NASA_API,2
NANDA,2
NAMESPACES,2
NAMESPACE,2
NAMECHEAP_API,2
NALOG,2
NAITALIA_KEYSTORE,2
NAITALIA,2
NAIS_APP,2
N2N_K,2
N2N_C,2
N2N_A,2
MY_USER,2
MY_TWITTER,2
MY_RENOVATE,2
MY_REGISTRY,2
MY_PM,2
MY_OPENSSL,2
MY_GH,2
MY_CALLIOPE,2
MYTHX,2
MYSQL_RDS,2
MYSQL_DB,2
MYREDAXO,2
MYGRADE,2
MYGEOTAB_USERNAME,2
MYGEOTAB_PASSWORD,2
MYEXPENSES,2
MYCAREHUB_DB,2
MYAWS,2
MYAPP_REGISTRY,2
MYACA_REGISTRY,2
MXCLOUD,2
MWO,2
MUX_TOKEN,2
MUX,2
MUSIC,2
MULTI_PACKAGES,2
MULE_NEXUS,2
MULE_CLIENT,2
MT_STG,2
MT_PUSH,2
MT_GIT,2
MT_COSMOS,2
MS_CLIENT,2
MSTDN,2
MSFT_CLIENT,2
MSDOCSCONTAINERAPPNEW_REGISTRY,2
MSAU_REPSY,2
MSAU,2
MSA,2
MR,2
MQTT_SYSTEM,2
MP_CLIENT,2
MOVING_COLUMN,2
MOVIE,2
MOUNT_OLYMPUS,2
MOUNT,2
MOTD_URL,2
MOTD,2
MOT,2
MOON_PAY,2
MOONBEAM,2
MOON,2
MONITOR,2
MONGO_URL,2
MONGO_TEST,2
MONGO_CONNECTION,2
MONGODB_USER,2
MONGODB_URL,2
MONGODB_TEST,2
MONGODB_DB,2
MONGODB_ADMIN,2
MONEYFORWARD,2
MONA_REMOTE,2
MOMENTO,2
MOIP,2
MODRINTH_PROJECT,2
MODRINTH_API,2
MODIO,2
MODAL_TOKEN,2
MODAL,2
MOCK_PROVIDER,2
MOCK,2
MOBILE_MAVENCENTRAL,2
MOBILE_DEV,2
MOBILEPROVISION,2
MOAUTO_GPG,2
MOAUTO_DOCKERHUB,2
MMS_AUTH,2
MMS,2
MLABS,2
MKDOCS_GITHUB,2
MI_VIX,2
MI_SP500,2
MISTICA_CATALOG,2
MISTICA,2
MISSION_CONTROL,2
MISSION,2
MINVERSION,2
MINT_API,2
MINI_APP,2
MINIO_BUCKET,2
MINIKUBE,2
MINIGOLF_DB,2
MINI,2
MIDTRANS,2
MICRO_CMS,2
MICROSOFT_AUTH,2
MICRONAUTEXAMPLE_REGISTRY,2
MICROCMS_SERVICE,2
MGMT,2
ME_AWS,2
METRIKA,2
METRICS_SPOTIFY,2
METIER_GCP,2
METANORMA,2
MESSAGINGSENDERID,2
MESSAGE_SENDER,2
MERKELY_SLACK,2
MERGE_APP,2
MERCURYO,2
MERCHANT,2
MERCADOPAGO_CLIENT,2
MERCADOPAGO,2
MEND,2
MEMOS,2
MEMCACHED,2
MEMBER_DOCKER,2
MEMBERSHIP_MEET,2
MEMBERSHIP,2
MELINDA_QUAY,2
MEKOM_NEXUS,2
MEKOM,2
MEDIUM,2
MDW,2
MDS,2
MDCX,2
MCSV_SERVER,2
MCP_TEST,2
MCP,2
MCLOUD,2
MCHV,2
MCFORMATION_EMAIL,2
MC,2
MB_REDSHIFT,2
MAZE_LINKER,2
MAZE,2
MAXMIND_LICENSE,2
MAVEN_USER,2
MAVEN_SONATYPE,2
MAVEN_SETTINGS,2
MAVEN_SERVER,2
MAVEN_OSSRH,2
MAVEN_NEXUS,2
MAVEN_KEY,2
MAVEN_EXCHANGE,2
MATTERMOST_WEBHOOK,2
MATTERMOST,2
MATRIX_SENDER,2
MATRIX_RECVER,2
MATRIX_HOMESERVER,2
MATOMO,2
MATLAB,2
MATHWORKS,2
MATCH_SSH,2
MATCH_KEYCHAIN,2
MASTODON_TOKEN,2
MASTODON_INSTANCE,2
MASTER_ARGOCD,2
MARKET_TOKEN,2
MARKETPLACE,2
MARKETO_CLIENT,2
MAPTILER,2
MAPS_API,2
MAPBOX_PUBLIC,2
MAPBOX_KEY,2
MANTAINER,2
MANTABOT_DOCKER,2
MANTABOT,2
MANIFEST_REPO,2
MANIFESTS_REPO,2
MANAGEMENT,2
MANAGED_QUESTIONS,2
MANAGED,2
MAIN_GITHUB,2
MAIN_CLIENT,2
MAIN_BIN,2
MAINTAINER,2
MAIL_SERVER,2
MAILTRAP,2
MAILSLURP,2
MAILGUN_API,2
MAILER_CLIENT,2
MAILCHIMP_CLIENT,2
MAGIC,2
MAGENTO_ADMIN,2
MAGENTO_2,2
MAC_SIGN,2
MAC_INSTALLER,2
MAC_CS,2
MAC_CI,2
MAC_CERT,2
MACOS_SCCACHE,2
MACOS_P12,2
MACOS_NOTARY,2
MACOS_BUILD,2
MACOS_APP,2
MACOS_ACCOUNT,2
MACKEREL,2
MACHINE_TRADING,2
M1,2
LZ,2
LYRIC_GITHUB,2
LYRIC,2
LW_API,2
LW_ACCOUNT,2
LW_ACCESS,2
LWDC_SECRET,2
LUXMED_PASSWORD,2
LUXMED_LOGIN,2
LUOGU,2
LUDWIG_TESTS,2
LUDWIG,2
LUA_DOCS,2
LTDB,2
LTD,2
LSTORE,2
LP,2
LOTTIE_S3,2
LOTTIE_HAPPO,2
LOKALISE,2
LOG_WORKSPACE,2
LOGMAIL,2
LOGIN_TEST,2
LOGIN_DOCKERHUB,2
LOGFLARE,2
LOGBUY,2
LOCAL_SERVER,2
LOCALAZY,2
LOB_API,2
LOB,2
LOADTEST,2
LM_ACCESS,2
LLDAP,2
LITTLE_BUDDY,2
LITTLE,2
LITMUS_CLIENT,2
LITMUS_API,2
LINTING_FIXUP,2
LINTING,2
LINODE_SSH,2
LINODE_SERVER,2
LINODE_IP,2
LINK_TO,2
LINEAR_API,2
LIMS_API,2
LIMS,2
LIGHTSON_REGISTRY,2
LIGHTHOUSE,2
LIEF_S3,2
LIEF,2
LICENSE_KEY,2
LICENCE_PLATE,2
LICENCE,2
LIBRESCORE_REPO,2
LIBRESCORE_PFX,2
LIBRESCORE_GPG,2
LIBRARY,2
LIBNAPC_SSH,2
LIBNAPC,2
LIB,2
LIARA,2
LHCI_SERVER,2
LHCI_GITHUB,2
LH,2
LG_SLACK,2
LG,2
LF_JFROG,2
LF,2
LEVO,2
LETSENCRYPT,2
LEGACY_UPLOAD,2
LEEMIR,2
LEDGER_AWS,2
LEDGER,2
LDIF,2
LCSC,2
LC,2
LA_WORKSPACE,2
LAUNCHPAD,2
LATEST_TAG,2
LAST,2
LARGE_SECRET,2
LARGE_FILE,2
LARAVEL_ENV,2
LAMBDA_PRIVATE,2
LAMBDA_AWS,2
LAB_APP,2
LABELER,2
LABEL,2
L2TEST_ACR,2
L2TEST,2
KYRO_REGISTRY,2
KYROCONTAPP_REGISTRY,2
KYROCONTAINERAPP_REGISTRY,2
KWETTERTWEET_REGISTRY,2
KWETTER,2
KUSTOMIZE,2
KUBE_TOKEN,2
KUBE_MEDIA,2
KUBE_HOST,2
KUBE_CLUSTER,2
KUBE_CERTIFICATE,2
KUBER,2
KUBECONFIG_DATA,2
KRCG,2
KRAKEN,2
KOVAN,2
KONG_CLUSTER,2
KONDUKTO,2
KOBI,2
KOA_SESS,2
KOA,2
KMS_KEY,2
KMS,2
KLUB,2
KILI_API,2
KIBANA,2
KIA_EU,2
KEY_REPOSITORY,2
KEY_POWER,2
KEY_PAIR,2
KEY_JKS,2
KEY_GPG,2
KEY_FILE,2
KEYWORDS,2
KEYVAULT,2
KEYTMP,2
KEYSTRORE_ALIAS,2
KEYSTORE_ALIAS,2
KEYSPACE,2
KEYS7,2
KEYS5,2
KEYS1,2
KEYPAIR,2
KEYFILE,2
KEYCLOAK_ROOT,2
KEYCLOAK_REALM,2
KEEPERS,2
KAMATERA,2
KALTURA,2
KALMISBOT_REGISTRY,2
KAKAO_SECRET,2
KAKAO_KEY,2
KAKAOMAP_API,2
KAFKA_SASL,2
KACHERY_CLOUD,2
KACHERY,2
K8S_DEPLOYMENT,2
K8S_CLUSTER,2
K8S_CLIENT,2
JXSTORY,2
JXNC,2
JWT_TOKEN,2
JWT_SIGNING,2
JWT_LINK,2
JWT_GENERIC,2
JUICEFS,2
JUDONG_NEXUS,2
JUDONG,2
JUDGE0,2
JRELEASER_SLACK,2
JOYRUN,2
JORISG_REPO,2
JORISG,2
JORE4_DOCKERHUB,2
JORE4,2
JOINFACES_SIGNING,2
JOINFACES_DOCS,2
JOB_DB,2
JMP_REPO,2
JMP,2
JIMI,2
JIL_SAUCE,2
JFROG_NONPROD,2
JFROG_LIBHAL,2
JFROG_FLOWCODE,2
JFP_AWS,2
JFP,2
JETBRAINS_PRIVATE,2
JENKINS_WEBHOOK,2
JENKINS_PAT,2
JENKINS_GITHUB,2
JENKINS_DEPENDENCY,2
JENKINS_AWS,2
JENKINS_API,2
JELASTIC,2
JEKYLL,2
JDZZ,2
JDK,2
JCLOUD,2
JAZZ,2
JAVA_GITHUB,2
JAVADOCS,2
JAUS,2
JARVISAPP_REGISTRY,2
JARVIS,2
JANEWAY_SSH,2
JAMSOCKET,2
JAMIWG,2
IYARLES,2
IUT,2
IUGU,2
ITNOVUM_ARTIFACTORY,2
ITNOVUM,2
ITERAREPO,2
ITEMIS_OSS,2
ITEMIS,2
ITC_TEAM,2
ITCH_IO,2
ITCH_GAME,2
ITC,2
IS_GITHUB,2
IS_CI,2
ISSUES,2
IS4_BAIGANIO,2
IS4,2
IRON_BANK,2
IRON,2
IPV_CORE,2
IPV,2
IPFS_PINATA,2
IPFS_GATEWAY,2
IP2LOCATION,2
IOT_PROVISIONING,2
IOT_COSMOS,2
IOTHUB,2
IOS_UI,2
IOS_TEMP,2
IOS_SIGNING,2
IOS_PROVISION,2
IOS_PROD,2
IOS_KEYS,2
IOS_EXPORT,2
IOS_DISTRIBUTION,2
IOS_DIST,2
IOS_CERTIFICATES,2
IOS_BUILD,2
IOS_APPLE,2
IOS_APP,2
IOS_API,2
IONOS_USERNAME,2
IONOS_PASSWORD,2
IN_HOUSE,2
INTERNAL_PORT,2
INTERNAL_HOST,2
INTERNAL_GH,2
INTERCOM_APP,2
INTELLIJ_PRIVATE,2
INTEG_USER,2
INTEG_TEST,2
INTEGRATIONS_TEAM,2
INSTANCE_USERNAME,2
INSTANCE_HOST,2
INSTALL_REGISTRY,2
INSTALLATION_ID,2
INSTALLATION,2
INSTAGRAM_ACCOUNT,2
INSPIRE_API,2
INSPIRE,2
INFURA_TOKEN,2
INFURA_PROJECT,2
INFURA_KEY,2
INFURA_ID,2
INFRA_PROD,2
INFO_AUTH,2
INFECTION,2
INETER,2
INDYKITE,2
INDEX_0X,2
IMPORT,2
IMPLARIO_REPO,2
IMPLARIO,2
IMG_REGISTRY,2
IMGUI,2
IMAP_EMAIL,2
IMAGE_TAG,2
IMAGE_REPOSITORY,2
IMAGE_REPO,2
IJ_PLUGIN,2
IJ,2
IGNORE,2
IGNITE_REALTIME,2
IGNITE,2
IFRAMELY_API,2
IEXCLOUD,2
ID_RSA,2
ID_ED25519,2
IDIR,2
IDENTITY_PROVIDER,2
IDENTITY_ADMIN,2
IDEE_RELEASE,2
IDEE_GH,2
IDA,2
ID42_BOT,2
ID42,2
ICON_CDN,2
IB_DOCKER,2
IBM_TTS,2
IBM_COS,2
IAM_SERVER,2
IAM_ROLE,2
IAMROLE,2
HZ,2
HYPERDRIVE,2
HX711_RPI,2
HX711,2
HUNZG6_REGISTRY,2
HUMANITEC,2
HUGO,2
HUB_USER,2
HUB_LOGIN,2
HUB_DOCKER,2
HUB_API,2
HUBITAT_API,2
HUBDOCKER,2
HUAWEICLOUD,2
HTTP_DB,2
HTTPS,2
HTPASSWD,2
HSDP_DOCKER,2
HSDP,2
HR_USER,2
HR,2
HPEGL_USER,2
HOYOLAB,2
HOVER,2
HOTEL,2
HOST_URL,2
HOST_SERVER,2
HOST_NAME,2
HOST_IP,2
HOST_FTP,2
HOST_DNS,2
HOST_DIRECTORY,2
HOSTLOC,2
HOSTING_FTP,2
HOSTHATCH,2
HOSTED_ZONE,2
HOORY_DEV,2
HOOKS,2
HONKBOTAPP_REGISTRY,2
HONEYCOMB_TOKEN,2
HONEYBADGER_JS,2
HOME_OPS,2
HOMEOPS_BOT,2
HOMEOPS,2
HOMEBREW_TAP,2
HOMEASSISTANT_APP,2
HOLO_INDEXER,2
HOLO,2
HK_CMI,2
HK,2
HIPPO_MAVEN,2
HIPPO,2
HIML_SERVICE,2
HIKARI_MAXIMUM,2
HIKARI,2
HIGHRISE,2
HIDDEN_BOOK,2
HEXPM,2
HEXLET,2
HEROKU_BACKEND,2
HELPER_BOT,2
HELPER,2
HELM_PUBLISH,2
HELM_DEPLOY,2
HELM_CREDS,2
HELM_AWS,2
HELLO_WORLD,2
HELLO,2
HEDERAS_OPERATOR,2
HD_REFRESH,2
HD_MONGO,2
HD_APP,2
HD_ACCESS,2
HC_URL,2
HCP,2
HCAPTCHA,2
HASHING_ALGORITHM,2
HASHI,2
HARDHAT_LOCAL,2
HARBOR_ROBOT,2
HARBOR_BOT,2
HAPPO_API,2
HAPPO,2
HAPI_POSTGRES,2
HAPI_HASURA,2
HANDLE_IMG,2
HANDLE,2
HANDCASH_APP,2
HANDCASH,2
HANDBALL,2
G_CLIENT,2
GW_MAINNET,2
GURU_USER,2
GURU,2
GU,2
GTM_ID,2
GTA,2
GSUITE,2
GSHEET2DB,2
GSHEET,2
GRIPOPGRAS2SERVERAPP2022120617_REGISTRY,2
GRGIT,2
GREYROCK_APP,2
GREYROCK,2
GRAVITY_UI,2
GRAPH_EXPLORER,2
GRAPHQL_URI,2
GRAPHQL_AUTH,2
GRAPHDB,2
GRAMIN,2
GRADLE_PORTAL,2
GRADLE_CACHE,2
GRADESCOPE,2
GRAD,2
GPUCIBOT_DOCKERHUB,2
GPUCIBOT,2
GPLAY,2
GPG_KEYS,2
GPG_HIRANG01,2
GPC_KEYSTORE,2
GPC_KEY,2
GOV_UK,2
GOVUK_ARGO,2
GOV,2
GOPRIVATE,2
GOOLE,2
GOOGLE_TAGMANAGER,2
GOOGLE_SSO,2
GOOGLE_RECAPTCHA,2
GOOGLE_PRIVATE,2
GOOGLE_KEY,2
GOOGLE_IMAGE,2
GOOGLE_ID,2
GOOGLE_HOPRASSOCIATION,2
GOOGLE_GSI,2
GOOGLE_GEOCODING,2
GOOGLE_FONTS,2
GOOGLE_DOCKER,2
GOOGLE_CREDS,2
GOOGLE_COMPOSER,2
GOOGLE_CALLBACK,2
GOOGLE_BLOGGER,2
GOOGLE_APIS,2
GOOGLESERVICES,2
GODWOKEN_TEST,2
GODWOKEN,2
GODOT_PLAYFAB,2
GODEV,2
GODADDY,2
GMAIL_BOT,2
GMAIL_ADDRESS,2
GM,2
GL_TOKEN,2
GLUE,2
GLOBAL_PAT,2
GLOBAL_NUGET,2
GLOBAL_AWS,2
GLAREREPO,2
GLADOS,2
GKS_HELM,2
GKS_GH,2
GKS_DOCKER,2
GKE_TEST,2
GKE_PROD,2
GIT_TARGET,2
GIT_SERVER,2
GIT_SECRET,2
GIT_QUYO,2
GIT_PUSH,2
GIT_PRIVATE,2
GIT_COMMITTER,2
GIT_CLIENT,2
GIT_AUTHORIZATION,2
GIT_AUTH,2
GIT_ADMIN,2
GIT_ACTION,2
GIT_ACCESS,2
GITTOKEN,2
GITTER,2
GITOPS_DEPLOY,2
GITLAB_PRIVATE,2
GITLAB_FRONTENDS,2
GITLAB_FEATURE,2
GITLAB_CDN,2
GITLAB_ARGOCD,2
GITHUB_TOKEN,2
GITHUB_RUN,2
GITHUB_REPO,2
GITHUB_PUBLIC,2
GITHUB_OAUTH,2
GITHUB_API,2
GITHUBIO,2
GITHUBFEED,2
GITHUBCI,2
GITHUBACTIONS,2
GITGUARDIAN_API,2
GITGUARDIAN,2
GITEE_USER,2
GITAWS,2
GH_WIKI,2
GH_SENTRY,2
GH_SECURITY,2
GH_SBOM,2
GH_READ,2
GH_PUBLISH,2
GH_PROJECT,2
GH_PKG,2
GH_PIPELINE,2
GH_PERSONAL,2
GH_NPM,2
GH_NOTIFICATION,2
GH_ISSUES,2
GH_FORK,2
GH_ENTERPRISE,2
GH_DEPLOY,2
GH_CR,2
GH_CLIENT,2
GH_BUILD,2
GH_APPROVAL,2
GH_APPLICATION,2
GH_ADMIN,2
GH_ACCOUNT,2
GHUB_LIVE,2
GHPAT,2
GHPAGES,2
GHES_ADMIN,2
GHES,2
GHEC,2
GHCR_DOCKER,2
GHCR_CLEANUP,2
GHA_SETTINGS,2
GHA_PAT,2
GHA_MORE,2
GHA_CLIENT,2
GHA_APPLICATION,2
GF_DOCKERHUB,2
GFYCAT_CLIENT,2
GFYCAT,2
GE_CACHE,2
GEOPRECISE_FTP,2
GEOPRECISE,2
GEOLITE2,2
GEODB_API,2
GEO,2
GENIUS_CLIENT,2
GENEZIO,2
GENEXUS_GENERIC,2
GEN,2
GDT,2
GDRIVE_CLIENT,2
GDBP_AWS,2
GDBPLUGINS_DOCKERHUB,2
GDBPLUGINS,2
GDBP,2
GDBC,2
GDAL_REGISTRY,2
GC_PROJECT,2
GCS_SA,2
GCR_PUSH,2
GCR_PROJECT,2
GCR_CONFIG,2
GCR_ACCESS,2
GCP_TABLE,2
GCP_REGISTRY,2
GCP_PROJECTID,2
GCP_PLAYGROUND,2
GCP_NIGHTLY,2
GCP_KEYFILE,2
GCP_KEY,2
GCP_JSON,2
GCP_GSM,2
GCP_DEPLOY,2
GCP_CORE,2
GCP_CLIENT,2
GCP_ASTRONOMER,2
GCP_APP,2
GCON_USER,2
GCON,2
GCLOUD_PROJECT,2
GCLOUD_PRODUCTION,2
GCLOUD_KEY,2
GCLOUD_CREDENTIALS,2
GCE_PROJECT,2
GCE_INSTANCE,2
GB,2
GA_OS,2
GA_MEASUREMENT,2
GA_ID,2
GA_API,2
GATSBY_USD,2
GATSBY_STRIPE,2
GATSBY_SMTP,2
GATSBY_SENDGRID,2
GATSBY_SANITY,2
GATSBY_GA,2
GATSBY_DISQUS,2
GATSBY_API,2
GATSBY_ALGOLIA,2
GATSBY_ADSENSE,2
GATES,2
GAR_HELM,2
GARMIN_MIGRATE,2
GARMIN_GLOBAL,2
GARMIN_CN,2
GAMMA_AWS,2
GAMMA,2
GAME_TITLE,2
GAME,2
GALILEO_USERNAME,2
GALILEO_PASSWORD,2
GALAXY_API,2
FXPEUPACCD02CA_REGISTRY,2
FW_CI,2
FWSELECTOR_REFRESH,2
FWSELECTOR,2
FW,2
FURY,2
FUNCTION_APP,2
FUNCTIONS,2
FUNCTIONAPP,2
FULLOFWISHES,2
FUEL_PRICE,2
FUEL,2
FTP_R,2
FTP_PW,2
FTP_PASS,2
FTP_AMTI,2
FS_P12,2
FS_DB,2
FS_CERT,2
FRUIT,2
FRR_APP,2
FRR,2
FRONT_S3,2
FRONTEND_ENV,2
FRONTEND_CONFIG,2
FROM_ADDRESS,2
FRIENDS_KEY,2
FRENDS_NUGET,2
FRENDS,2
FREENOM,2
FREEFAIR_SIGNING,2
FREEFAIR_DOCS,2
FRED,2
FP_HEROKU,2
FORST,2
FORMAT,2
FORGE_WEBHOOK,2
FORGE_LOGIN,2
FORGE_API,2
FOREST_RELEASER,2
FORCEPUSH,2
FOOTPRINT_AWS,2
FOOTPRINT,2
FONTS,2
FOG_REPORT,2
FOG,2
FOD_CLIENT,2
FM,2
FLY_WIREGUARD,2
FLY_SSH,2
FLYTE_BOT,2
FLYTE,2
FLU,2
FLOMESH_DOCKERHUB,2
FLOMESH,2
FLEEK,2
FLATTENER_KEY,2
FLAT,2
FLASK_RUN,2
FLASK_APP,2
FIRMWARE,2
FIREFOX_USER,2
FIREFOX_JWT,2
FIREFOX_CLIENT,2
FIREFOX_API,2
FIREBASE_SECRETS,2
FIREBASE_SDK,2
FIREBASE_RTD,2
FIREBASE_PRIVATE,2
FIREBASE_KEY,2
FIREBASE_JSON,2
FIREBASE_IOS,2
FIREBASE_GITHUB,2
FIREBASE_DOMAIN,2
FIREBASE_DB,2
FIREBASE_CONFIG,2
FIREBASE_BROWSER,2
FIREBASE_APPID,2
FIO,2
FINGERPRINT,2
FILE_STORAGE,2
FILE_PATH,2
FILE_FIREBASE,2
FILE_ENCRYPTION,2
FILE_DB,2
FILES_PATH,2
FILEBASE,2
FF_JWT,2
FETCHER,2
FERN_POSTMAN,2
FERLAB_DOCKER,2
FERLAB,2
FEISHU_WEBHOOK,2
FEISHU_BOT,2
FEEDZ,2
FEEDBIN,2
FDROID,2
FCM,2
FB_TRACK,2
FB_REPO,2
FB_CLIENT,2
FB_AWS,2
FBTOOLS,2
FATTUREINCLOUD,2
FATHOM_GOAL,2
FATHOM_EVENT,2
FAS_KEY,2
FASTLY_PURGE,2
FASTLANE_USER,2
FASTLANE_PASSWORD,2
FASTLANE_MATCH,2
FASTLANE_KEY,2
FAS,2
FARM,2
FANDOM,2
FAMILYTREE_REGISTRY,2
FAMILYTREE_K8S,2
FAL_KEY,2
FALLBACK_BUCKET,2
FALCON_CLIENT,2
FAKTUROWNIA,2
FAKE_RELEASE,2
FAIRLY,2
FACTORY_AUTH,2
FACEBOOK_SECRET,2
FABRIC_PROTOS,2
FABRIC,2
FA,2
F7T,2
EZORED_AWS,2
EZORED,2
EXT_REG,2
EXTRACTOR_DOWNLOAD,2
EXTRACTOR,2
EXTPIPES_IDP,2
EXTPIPES,2
EXTERNAL_GH,2
EXTENSION_SUPPORT,2
EXISTING,2
EXECUTOR,2
EXCOM_MEET,2
EXCOM,2
EXAMINATR,2
EVS,2
EVMOS,2
EVERGINE,2
EVENT,2
EULEX_WEBSERVICE,2
EULEX,2
ETS,2
ETIGER,2
ETH_MAINNET,2
ETHERNAL_MAIL,2
ETHERNAL,2
ETHEREUM,2
ETEU_DOCKER,2
ETEU,2
ETERNAL_SSH,2
ETERNALCODE_REPO,2
ETERNALCODE,2
ES_BASIC,2
ESP32C2,2
ESCROW,2
ESA,2
ER_CONSUMER,2
ER_ACCESS,2
ERROR,2
EPIC,2
ENV_VARIABLE,2
ENV_TEST,2
ENV_SSL,2
ENV_SES,2
ENV_PARAMS,2
ENV_NODE,2
ENV_GOOGLE,2
ENV_GITHUB,2
ENV_DEV,2
ENV_DD,2
ENV_ALLOWED,2
ENTITLED_IBM,2
ENTITLED,2
ENTERPRISE_REPO,2
ENLIGHTN,2
ENGINE_WIN64,2
ENGFLOW,2
ENDPOINT_URL,2
ENDJIN_DOCKERHUB,2
ENCRYPTION_SERVICE,2
ENCRYPTED_GITHUB,2
ENCRYPTED_FILE,2
ENCODED_STRING,2
ENC,2
EMULATOR_WTF,2
EMULATOR,2
EMQX_IO,2
EMQX,2
EMBED,2
EMAIL_USE,2
EMAIL_PASS,2
EMAIL_NOTIFICATION,2
EMAIL_FROM,2
EMAIL_API,2
EMAIL_ADDRESS,2
EMAIL_163,2
EMAILJS,2
ELLIOT,2
EIPM_DOCKER,2
EIPM,2
EIM,2
EF_JENKINS,2
EF,2
EE_REPO,2
EE_REGISTRY,2
EE_MINIO,2
EDX_SMTP,2
EDX_NAMESPACE,2
EDL,2
EDGE_USER,2
EDGE_CLIENT,2
EDGENET_AWS,2
EDGENET,2
EDFIBUILDAGENT,2
EDFI,2
EDA,2
ED25519,2
ECS_DEPLOY,2
ECS_APP,2
ECR_USER,2
ECR_SECRET,2
ECR_IMAGE,2
ECR_APP,2
ECON,2
EC2_USER,2
EC2_SERVER,2
EC2_SECRET,2
EC2_RUNNER,2
EC2_REMOTE,2
EC2_PRIVATE,2
EC2_KEY,2
EC2_INSTANCE,2
EC2_ID,2
EC2_BASTION,2
EC2_API,2
EBRAINS,2
EBL_REGISTRY,2
EBL,2
EBAY_CLIENT,2
EAZYOPS_REGISTRY,2
EARTHDATA,2
E2T1M0T0RBACKEND_REGISTRY,2
E2E_USER,2
E2E_TESTIM,2
E2E_SECRET,2
E2E_REPORTS,2
E2E_REFERANDMONITOR,2
E2E_OASYS,2
E2E_MODELER,2
E2E_JIRA,2
E2E_HOST,2
E2E_DPS,2
E2E_DEVOPS,2
E2E_DELIUS,2
E2E_CLIENT,2
E2E_BLOG,2
E2E_API,2
DYNATRACE,2
DYNAMO,2
DUOLINGO,2
DUMP_QUEUE,2
DUMP,2
DUMMY_AWS,2
DUMBAPI_REGISTRY,2
DUCKTORS,2
DUCKDNS_DOMAIN,2
DT,2
DSSL,2
DRUPAL_DOT,2
DRUPAL_CLIENT,2
DROPBOX_API,2
DRIVER,2
DREAMFACTORY,2
DQ_CLIENT,2
DQ,2
DPS,2
DO_SPACE,2
DO_REGISTRY,2
DO_AWS,2
DO_ARCHIVE,2
DO_APP,2
DO_API,2
DOWNLOAD_SDK,2
DOTENV_PROD,2
DOPPLER_TOKEN,2
DOMINO_PROJECT,2
DOMESTIC,2
DOMAIN_NAMES,2
DOLBYIO_GH,2
DOLBYIO_BOT,2
DOKKU_DEPLOY,2
DOKKU_APP,2
DOKER,2
DOKCER,2
DOJO,2
DOG_API,2
DOG,2
DOCUSAURUS,2
DOCUMENTATION_FIREBASE,2
DOCUBOT,2
DOCS_TARGET,2
DOCS_REPO,2
DOCS_REFRESH,2
DOCS_PUSH,2
DOCS_CLOUD,2
DOCS_BUILDER,2
DOCKR,2
DOCKER_TOKEN,2
DOCKER_TARGET,2
DOCKER_SECRET,2
DOCKER_RELEASE,2
DOCKER_READONLY,2
DOCKER_READ,2
DOCKER_PROD,2
DOCKER_PATH,2
DOCKER_NEW,2
DOCKER_MEMOS,2
DOCKER_HOST,2
DOCKER_GHCR,2
DOCKER_FISCOPR,2
DOCKER_ENTERPRISE,2
DOCKER_EDU,2
DOCKER_CONFIG,2
DOCKER_COMPOSE,2
DOCKER_COMMUNITY,2
DOCKER_COM,2
DOCKER_CLOUD,2
DOCKER_AWS,2
DOCKER_AUTH,2
DOCKER_ARTIFACTORY,2
DOCKER_API,2
DOCKER_ALIYUN,2
DOCKER_ACESS,2
DOCKERPUBLICBOT,2
DOCKERHUB_SB,2
DOCKERHUB_SAMPLES,2
DOCKERHUB_REPOSITORY,2
DOCKERHUB_RELEASE,2
DOCKERHUB_REDISFAB,2
DOCKERHUB_PASSWORD,2
DOCKERHUB_ID,2
DOCKERHUB_DEVBOT,2
DOCKERHUBTM,2
DOCKERAPPSAMERMALEKSHEDI_REGISTRY,2
DOCK,2
DOCHUB,2
DOCFX,2
DOCCKER,2
DNBHUB_FIREBASE,2
DNBHUB,2
DMOOS_PAT,2
DMOOS,2
DK,2
DJ_USE,2
DJANGO_ALLOWED,2
DJANGOAPPONAZURE_REGISTRY,2
DIVVYCLOUD,2
DIST,2
DISPLAYED_NAME,2
DISPLAYED,2
DISPLAY,2
DISPATCHER_APP,2
DISK_PATH,2
DISCUSSION_TELEGRAM,2
DISCORD_NOTIFICATION,2
DISCORD_DESIGN,2
DISCORD_CLIENT,2
DISCORD_CHANNEL,2
DIRT_AWS,2
DIOS_SIGNING,2
DINGTALK_GROUP2,2
DINGTALK_GROUP,2
DIGMA_GPG,2
DIGITAL_CLOUDS,2
DIGITALOCEAN_USERNAME,2
DIGITALOCEAN_PROJECT,2
DIGITALOCEAN_IP,2
DIGITALOCEAN_HOST,2
DIGITALOCEAN_APP,2
DIGICERT,2
DIFF,2
DIAWI,2
DHV,2
DHUB_USER,2
DGO,2
DGNX_WEBSITE,2
DGNX,2
DFX_IDENTITY,2
DEXCOM,2
DEV_WEBSITE,2
DEV_TOKENS,2
DEV_TO,2
DEV_SOOS,2
DEV_SLACK,2
DEV_REPO,2
DEV_PROJECT,2
DEV_PINGONE,2
DEV_PINATA,2
DEV_PAYLOAD,2
DEV_OIDC,2
DEV_LOOKUP,2
DEV_LEDGER,2
DEV_KUBE,2
DEV_IAS,2
DEV_HOST,2
DEV_HOLO,2
DEV_GITHUB,2
DEV_EUW,2
DEV_CERT,2
DEV_BACKEND,2
DEV_AZUREIDIR,2
DEV_ANYPOINT,2
DEVPI_ACCESS,2
DEVPI,2
DEVOPS_SECRET,2
DEVOPS_CLIENT,2
DEVOPS_AWS,2
DEVOPS_ACCESS,2
DEVNET,2
DEVICE_CLOUD,2
DEVHUB_SFDX,2
DEVELOPMENT_ORY,2
DEVELOPMENT_MONGODB,2
DEVELOPMENT_ACA,2
DEVELOPER_CERT,2
DEVCARD,2
DEVAPP_CLIENT,2
DEVAPP,2
DEST_REPO,2
DESKTOP_RELEASES,2
DESKTOP_OAUTH,2
DEPS,2
DEPLOY_VERS,2
DEPLOY_SERVICE,2
DEPLOY_SECRET,2
DEPLOY_SCRIPT,2
DEPLOY_REMOTE,2
DEPLOY_PASSWORD,2
DEPLOY_OBJECT,2
DEPLOY_GH,2
DEPLOY_FROM,2
DEPLOY_CLOUDRUN,2
DEPLOYMENT_SSH,2
DEPLOYMENT_SERVER,2
DEPLOYMENT_ROLE,2
DEPLOYMENT_GROUP,2
DEPLOYMENT_DOCKER,2
DEPLOYMENT_AWS,2
DEPLOYMENT_APP,2
DEPLOYMENTPRINCIPAL,2
DEPLOYER_SSH,2
DEPLOYER_BIN,2
DEPLOYER_ACCESS,2
DEPENDENCYTRACK,2
DEPENDENCY,2
DEPENDABOT_PAT,2
DENO_DEPLOY,2
DEMO_USER,2
DEMO_REGISTRY,2
DEMO_PASSWORD,2
DEMO_INSTANCE,2
DEMO_CLOUD,2
DEMO_CLIENT,2
DEMO_APP,2
DELPHI_DEPLOY,2
DELPHI,2
DELIUS,2
DELAY,2
DEFENDER_API,2
DEFENDER,2
DEFAULT_XL,2
DEFAULT_RESPONSE,2
DEFAULT_POWER,2
DEFAULT_PASSWORD,2
DEEPL_API,2
DECRYPTKEY_PLAYSTORE,2
DECRYPTION_PASS,2
DECRYPTION_KEY,2
DEBUG_SECRET,2
DEBUG_CERT,2
DEBRICKED,2
DEBIAN_REPO,2
DEBIAN,2
DEBEZIUM_VERSION,2
DEBEZIUM,2
DEACTIVATED_USER,2
DEACTIVATED,2
DD_RUM,2
DD_CLIENT,2
DD_BOT,2
DD_APP,2
DCT,2
DCS_CONSUMER,2
DCS_ACCESS,2
DCSA,2
DCL,2
DCI,2
DB_WEBHOOK,2
DB_SSL,2
DB_SERVICE,2
DB_SERVER,2
DB_POOL,2
DB_NAME,2
DB_MASTER,2
DB_ENV,2
DB_DRIVER,2
DB_CONNECTION,2
DB_AWS,2
DBPASS,2
DATO_CMS,2
DATO,2
DATE_RANGE,2
DATA_URL,2
DATA_PLANE,2
DATAVERSE_ENVIRONMENT,2
DATAROBOT,2
DATADOG_APP,2
DATABRICKS_STAGING,2
DATABRICKS_PROD,2
DATABRICKS_CLUSTER,2
DATABASE_PORT,2
DATABASE_HOST,2
DATABASEURL,2
DASK,2
DASH_ACR,2
DASHBOARD_GITHUB,2
DART_OAUTH,2
DANYAL_PYPI,2
DANYAL,2
DANGER_GITHUB,2
DAME_DAME,2
DAME,2
DAFT,2
DAFNI_SERVICE,2
DAFNI,2
CZI_GITHUB,2
CZI,2
CYPRESS_SUPPLIER,2
CYPRESS_STATE,2
CYPRESS_S3,2
CYPRESS_REFRESH,2
CYPRESS_PUBLIC,2
CYPRESS_MNEMONIC,2
CYPRESS_MAILOSAUR,2
CYPRESS_LOGIN,2
CYPRESS_IO,2
CYPRESS_FV,2
CYPRESS_ENV,2
CYPRESS_CHAIN,2
CYPRESS_BASE,2
CYPRESS_AUTH,2
CYPRESS_API,2
CYPRESS_ADMIN,2
CYBERSECURITY_VERACODE,2
CYBERSECURITY,2
CX_CLIENT,2
CX_BASE,2
CX_AST,2
CWS_CLIENT,2
CV_PARTNER,2
CVC5_DOCS,2
CVC5,2
CUSTOMER_SUPPORT,2
CURSE_PROJECT,2
CURSEFORGE_API,2
CURRENCY_API,2
CUECKOO,2
CUBEJS_AWS,2
CT_SCALYR,2
CT_REGISTRY,2
CT_CLIENT,2
CTP_CLIENT,2
CTKCONSUMER,2
CSC_LINK,2
CSC_KEY,2
CR_IMAGE,2
CRYPTOBOT,2
CRYPTO,2
CRS,2
CROSSBOW_SMTP,2
CRIS,2
CRC_GIT,2
CRC,2
CRAWLER,2
CRATESIO,2
CRASHPAD,2
CRAFTGQL,2
CP_GL,2
CP_GH,2
CP_ARTIFACTORY,2
CPP_WORKFLOW,2
CPLEX129,2
CPD_USER,2
CPD,2
COVID_DATA,2
COVID,2
COVERITY_USER,2
COVERITY_URL,2
COVERITY_PROJECT,2
COVERITY_PASSPHRASE,2
COVERITY_CLI,2
COVEO,2
COURSE,2
COUNTLY_SALT,2
COUNTLY_APPKEY,2
COS_SECRET,2
COS_BUCKET,2
COSIGN_PUBLIC,2
COSIGN_GCP,2
COR_CICD,2
COR_AWS,2
CORSO_M365,2
CORE_APP,2
CORE_API,2
COPYCAT_VERSION,2
COPYBARA_GITLAB,2
COPYBARA_GITHUB,2
COPS,2
COPR_API,2
COOL_AWS,2
COOLSMS_API,2
COOL,2
COOKIE_SECURE,2
COOKIES,2
CONTRIBUTION,2
CONTRAST_API,2
CONTRACTS,2
CONTEXT_JWT,2
CONTEXT_HUB,2
CONTEXT_DECRYPTION,2
CONTENT_AWS,2
CONTENTFUL_INTEGRATION,2
CONTENTFUL_DELIVERY,2
CONTENSIS,2
CONTAINER_SIGN,2
CONTAINER_RELOAD,2
CONTAINER_GH,2
CONTAINERAPPSLABAPP20221207150_REGISTRY,2
CONTAINERAPPS20221116_REGISTRY,2
CONSUMER_APP,2
CONSUL_OLD,2
CONNECT_WEBSOCKET,2
CONNECT_BC,2
CONNECTOR,2
CONNECTIONSTRING,2
CONNECTED_APP,2
CONNECTED,2
CONFLUENT_CLOUD,2
CONFLUENT_API,2
CONFLUENCE_API,2
CONFIG_SERVER,2
CONFIG_GITHUB,2
CONFIG_FILE,2
CONFIG_DATA,2
CONFIGURATION,2
CONFIGU,2
CONF,2
CONAPPMICROHACKTST_REGISTRY,2
CONAN_REMOTE,2
COMSSA,2
COMPUTER_AWS,2
COMPOSER_NORMALIZE,2
COMPOSER_AUTH,2
COMPOSER_AMASTY,2
COMPONENT,2
COMPARE,2
COMMSHUB,2
COMMON_NAMESPACE,2
COMMONFATE,2
COMMITBOT_GPG,2
COMMERCETOOLS_CLIENT,2
COMLINK,2
COLUMBUS,2
COLLECTION,2
COIN_MARKET,2
COINMARKETCAP,2
COINBASE,2
COIN,2
COHOST,2
COG_SERVICE,2
COGUARD,2
COGNITO_PASSWORD,2
COGNITO_CLIENT,2
COGNITE_CLIENT,2
COG,2
CODITSU_API,2
CODITSU,2
CODING_WEBHOOK,2
CODING_TOKEN,2
CODE_FREEZE,2
CODE_ENVIRONMENT,2
CODE_COV,2
CODESIGN_P12,2
CODER,2
CODECOV_SECRET,2
CODECOV_REPO,2
CODECLIMATE_TEST,2
CODEBERG,2
CODEARTIFACT_DOMAIN,2
CODEARTIFACT_AWS,2
CODALAB_DOCKER,2
CODALAB,2
CODACY_PROJECT,2
COCKTAIL_SEARCHER,2
COCKTAIL_API,2
CNUBUS,2
CNPMCORE_NFS,2
CNPMCORE,2
CMU_DELPHI,2
CMU,2
CMR,2
CL_API,2
CLUSTER_RESOURCE,2
CLUSTER3,2
CLUSTER2,2
CLUSTER1,2
CLOUD_USER,2
CLOUD_CONFIG,2
CLOUD_BUILD,2
CLOUD_AWS,2
CLOUD_ARTIFACTORY,2
CLOUD_API,2
CLOUD_ADMIN,2
CLOUDSHELL,2
CLOUDREPO,2
CLOUDOPS,2
CLOUDLEAGUEAPP_REGISTRY,2
CLOUDKIT_KEY,2
CLOUDKIT,2
CLOUDINARY_NAME,2
CLOUDFRONT_DISTRO,2
CLOUDFLARE_ZONE,2
CLOUDFLARE_TUNNEL,2
CLOUDFLARE_PROD,2
CLOUDFLARE_PAGES,2
CLOUDFLARE_DOMAIN,2
CLOUDFLARE_API,2
CLOUDDLEY,2
CLOUDBASE_SECRET,2
CLOSE,2
CLIENT_VAULT,2
CLIENT_PASSWORD,2
CLIENT_CERT,2
CLIENT_ACKEE,2
CLIENTTESTS_XRAY,2
CLIENTTESTS,2
CLICKHOUSE_CONNECT,2
CLICKHOUSE_CLOUD,2
CLASPRC_JSON,2
CLASPRC_CLIENT,2
CLASH_STARTERS,2
CLASH,2
CLARIFAI_USER,2
CLARIFAI,2
CLAIM,2
CKO_NAS,2
CKO_ABC,2
CI_TOKEN,2
CI_PAT,2
CI_OCI,2
CI_LOADTEST,2
CI_JWT,2
CI_IOT,2
CI_GKE,2
CI_GCP,2
CI_FUZZ,2
CI_EKS,2
CI_DOCKERHUB,2
CI_DOCKER,2
CI_DEVICE,2
CI_CORE,2
CI_CACHE,2
CI_BOT,2
CI_AKS,2
CI_AIRT,2
CI_ADMIN,2
CI_ACCESS,2
CIRRUS,2
CIRCLE_CI,2
CIRCLE_API,2
CIRCLECI,2
CIPIPELINE_NEXUS,2
CICHANG,2
CICD_SA,2
CICD_REPO,2
CICD_GITHUB,2
CICD_DOCKERHUB,2
CICD_DEVELOP,2
CICD_AWS,2
CICD_APP,2
CHROME_USER,2
CHROME_MANIFEST,2
CHROME_CLIENT,2
CHROMATIC_DUSE,2
CHOCO,2
CHKP_CLOUDGUARD,2
CHES_CLIENT,2
CHES,2
CHEF,2
CHECKOUT_PREVIOUS,2
CHECKMARX_SCA,2
CHECKMARX_PROJECT,2
CHECKMARX_CLIENT,2
CHECKLY,2
CHAVE,2
CHAT_WEBHOOK,2
CHATNOIR_API,2
CHATNOIR,2
CHARTS_APP,2
CHART,2
CHARMCRAFT,2
CGITIZE,2
CG,2
CF_USER,2
CF_TOKEN,2
CF_PAGES,2
CF_KEY,2
CF_ENC,2
CF_EMAIL,2
CF_DISTRIBUTION,2
CF_CURATOR,2
CF_ACCOUNT,2
CF_ACCESS,2
CFS,2
CERT_EXPORT,2
CERTMONITOR,2
CERTIFICATE_STORE,2
CERTIFICATE_PRIVATE,2
CERTIFICATE_P12,2
CENTREON_TECHNIQUE,2
CENTREON,2
CENTCOMM,2
CELERY_FLOWER,2
CELERY,2
CD_SLACK,2
CDN_URL,2
CDN_ENDPOINT,2
CDN_API,2
CDN_ACCESS,2
CDK_DEFAULT,2
CC_EMAIL,2
CCLOUD_REST,2
CCLOUD_API,2
CCH_GH,2
CCH,2
CCACHE_S3,2
CCACHE,2
CAWEBAPIPUGDEMO_REGISTRY,2
CATPOWDER_HOSTNAME,2
CATPOWDER,2
CATMEM_HOSTNAME,2
CATMEM,2
CATENAX,2
CAT,2
CAS_TOS,2
CAS_API,2
CAS_2FA,2
CASSANDRA_CLIENT,2
CASSANDRA,2
CASS,2
CASJOBS,2
CARVEL,2
CARTS,2
CARPET_RULES,2
CARPET,2
CARGO_PUBLISH,2
CARGO_API,2
CARBON_SERVER,2
CAPYBARA_AWS,2
CAPYBARA,2
CAPTCHA,2
CAPROVER_TOKEN,2
CAPABILITY,2
CANVAS_API,2
CANVAS,2
CANISTER,2
CAMUNDA_REGISTRY,2
CAMUNDA,2
CALM_GO,2
CALM,2
CALCULATOR,2
CALCROM,2
CAKEBOT_APP,2
CAKEBOT,2
CAI,2
CACHIX_TWEAG,2
CACHIX_SIGNING,2
CACHE_SECRET,2
C7N,2
C1,2
BYQUANTON_REPO,2
BYQUANTON,2
BYPASS,2
BXR_WILDCARD,2
BXR,2
BUTLER,2
BUS,2
BUPT,2
BUNNY_CDN,2
BUNNY_API,2
BUNDLE_GEMS,2
BUILD_HOOK,2
BUILD_CERTIFICATE,2
BUILD_CACHE,2
BUILD_BOT,2
BUILD_ARTIFACT,2
BUILDS_SSH,2
BUILDPULSE,2
BUILDKITE_TOKEN,2
BUILDKITE_API,2
BUILDING_GRAPHQL,2
BUILDCACHE,2
BUILDBUDDY,2
BUG_REPORT,2
BUGSNAG,2
BUG,2
BSTACK,2
BSRN_FTP,2
BSRN,2
BSI_WIN,2
BSI_MAC,2
BSI_CERT,2
BSCSCAN_API,2
BSCSCAN,2
BROKER,2
BROADCAST_PROVISIONING,2
BROADCAST,2
BRIGHTIFY_MAVEN,2
BRIDGE_REGISTRY,2
BRIDGE_POLARIS,2
BRICKHUB,2
BREW_GITHUB,2
BREWTESTBOT_GPG,2
BREWTESTBOT,2
BRANCH_KEY,2
BQ_SHIPWRECKS,2
BQ_SHADOWSPECT,2
BQ_MASHOPOLIS,2
BQ_AQUALAB,2
BPM_CLIENT,2
BPM_API,2
BOXIT,2
BOT_USER,2
BOT_TOKEN,2
BOT_SLACK,2
BOT_SECRET,2
BOT_REPO,2
BOT_MASTER,2
BOT_HOST,2
BOT_GITUSER,2
BOT_GITLAB,2
BOT_DOCKER,2
BOT_CONSUMER,2
BOT_CODEBERG,2
BOT_AWS,2
BOT_APPLICATION,2
BOT_ACTIONS,2
BOT_ACCOUNT,2
BOT_ACCESS,2
BOTSECRET,2
BOTPRESS_BOT,2
BOTPRESS,2
BORINGBOT,2
BOOTSTRAP_IDP,2
BOOTIFUL_TWITTER,2
BOB_TESTNET,2
BOB,2
BOARD,2
BL_REF,2
BL_ACC,2
BLUEBIRDPS_API,2
BLUEBIRDPS_ACCESS,2
BLUE,2
BLOG_DEPLOYER,2
BLOG_AWS,2
BLOB_UPLOAD,2
BLN,2
BLIZZ,2
BLDR_RET,2
BLDR_HAB,2
BLACKSMITH_FORGE,2
BLACKSMITH,2
BLACKFIRE_SERVER,2
BLACKFIRE_CLIENT,2
BKEN_REGISTRY,2
BKEN,2
BJWS_APP,2
BJWS,2
BITRISE,2
BITMARK_API,2
BITMARK,2
BITBUCKET_SSH,2
BITBUCKET_CLIENT,2
BIT,2
BIOSIMULATORS_API,2
BIOSIMULATORS,2
BIND,2
BINANCE_TESTNET,2
BINANCE_SECRET,2
BILLHU_CN,2
BILLHU,2
BIKA,2
BIGTRADER_HOST,2
BIGTRADER_DOCKER,2
BIGQUERY_CREDENTIALS,2
BICONOMY_API,2
BICONOMY,2
BICEP,2
BFF_HTTPS,2
BE_SERVER,2
BE_ENV,2
BETA_AWS,2
BETA,2
BENCH_RESULTS,2
BEDC_SSH,2
BEDC,2
BEAUTY,2
BEARER,2
BDD,2
BCSC_ACCOUNT,2
BCSC,2
BASTION_HOST,2
BASE_PATH,2
BAP_CLIENT,2
BANK_RAKUTEN,2
BANANA_DEV,2
BANANA,2
BAMBOOHR,2
BALLERINA_BOT,2
BALENA_API,2
BADABUMP_APP,2
BADABUMP,2
BAC_SRP,2
BACKUP_PASS,2
BACKUP_KEY,2
BACKUPIMAGEBUILD_ACTION,2
BACKUPIMAGEBUILD,2
BACKPACK,2
BACKOFFICE,2
BACKEND_REGISTRY,2
BACKEND_HOST,2
BACKEND_EC2,2
BACKEND_42,2
BACKENDCONTAINERAPP_REGISTRY,2
BACKBLAZE_BUCKET,2
BACKBLAZE_APPLICATION,2
BAC,2
B64,2
B3P_DEPLOY,2
B3P,2
B2_TEST,2
B2_APPLICATION,2
B2_APPKEY,2
B2_ACCOUNT,2
B2P_GIT,2
B2B_API,2
B2B,2
B2A_PROD,2
B,2
AZ_TF,2
AZ_POSTGRES,2
AZ_DNS,2
AZ_CLIENT,2
AZ_ACR,2
AZURE_VISION,2
AZURE_TTS,2
AZURE_SSH,2
AZURE_PROFILE,2
AZURE_K8S,2
AZURE_IMAGE,2
AZURE_DEPLOYMENT,2
AZURE_DATABRICKS,2
AZURE_CDN,2
AZURE_APIM,2
AZURE_ADMIN,2
AZURE_ADAPP,2
AZURE_ACCOUNT,2
AZUREML_TEST,2
AZURECONTAINERREGISTRY,2
AZURACAST,2
AZOPS,2
AZDO_SVC,2
AXWAY_DOCKER,2
AXWAY,2
AXON_BOT,2
AXON,2
AWX_USER,2
AWS_VPC,2
AWS_URL,2
AWS_TRANSACTION,2
AWS_TOOLS,2
AWS_TOKEN,2
AWS_TFSTATE,2
AWS_TERRAFORM,2
AWS_TAG,2
AWS_SUBGRAPH,2
AWS_STORYBOOK,2
AWS_SHOPPING,2
AWS_SESSION,2
AWS_SECRETS,2
AWS_SEC,2
AWS_ROOT,2
AWS_REST,2
AWS_RELEASE,2
AWS_REGISTRY,2
AWS_PYTORCH,2
AWS_PUBLIC,2
AWS_PROJECT,2
AWS_PRODUCT,2
AWS_PARAM,2
AWS_ORG,2
AWS_MOSAIC,2
AWS_MAVEN,2
AWS_KMS,2
AWS_INFRA,2
AWS_ID,2
AWS_GOVUK,2
AWS_GLOBAL,2
AWS_GHA,2
AWS_GATEWAY,2
AWS_ENDPOINT,2
AWS_EMR,2
AWS_EMAIL,2
AWS_EKS,2
AWS_EB,2
AWS_DYN,2
AWS_DEPLOYER,2
AWS_DA,2
AWS_CREDENTIAL,2
AWS_CRC,2
AWS_CONTENT,2
AWS_CONFIG,2
AWS_CODE,2
AWS_CN,2
AWS_CLOUDWATCH,2
AWS_CERTIFICATE,2
AWS_CDN,2
AWS_BUILDS,2
AWS_BEANSTALK,2
AWS_BACKEND,2
AWS_ATHENA,2
AWS_ARN,2
AWS_ACCESSKEY,2
AVN_REPO,2
AVALANCHE_TESTNET,2
AVALANCHE_MAINNET,2
AUTO_YAML,2
AUTO_TRANSFORM,2
AUTO_MERGE,2
AUTO_COMMITTER,2
AUTO_ASSIGN,2
AUTOWIKI,2
AUTOSYNCHRO_CI,2
AUTOSYNCHRO,2
AUTONOMY_AUTH,2
AUTOMATION_SSH,2
AUTOMATIC_UPDATE,2
AUTOMATIC_RELEASES,2
AUTOMATED_RETRIES,2
AUTOBUILDSHERRIF,2
AUTIFY,2
AUTH_USER,2
AUTH_SA,2
AUTH_PROVIDER,2
AUTH_PASS,2
AUTH_GOOGLE,2
AUTH_DB,2
AUTH_APP,2
AUTHENTICATOR_APP,2
AUTHENTICATOR,2
AUTHENTICATION_SERVICE,2
AUTHENTICATION_DB,2
AUTHDOMAIN,2
AUTH0_USER,2
AUTH0_TOKEN,2
AUTH0_STAGING,2
AUTH0_PROD,2
AUTH0_NAB,2
AUTH0_ISSUER,2
AUTH0_CALLBACK,2
AUTH0_AUDIENCE,2
AUTH0_ACCEPTANCE,2
AUR_COMMIT,2
AT_TOKEN,2
ATLAS_CLUSTER,2
ATLASSIAN,2
ATEDEG_BOT,2
ATEDEG,2
ATBC,2
ASWAN_AUTH,2
ASTRONOMER_KEY,2
ASTROAUTH,2
ASSETS,2
ASPIRE_AWS,2
ASPIRE,2
ASPECT,2
ASP,2
ASOC_API,2
ASF_CROWDIN,2
ASE2022,2
AS,2
ARTPROJ_SA,2
ARTIFACT_REPO,2
ARTIFACT_LOCATION,2
ARTIFACT_BUILD,2
ARTIFACT_BUCKET,2
ARTIFACTORY_X,2
ARTIFACTORY_SYMBOLS,2
ARTIFACTORY_RESOURCE,2
ARTIFACTORY_READONLY,2
ARTIFACTORY_PUBLISH,2
ARTIFACTORY_DOCKER,2
ARTICLES_YOAST,2
ARTICLES_WPML,2
ARTI,2
ARTEFACT_S3,2
ARTEFACT,2
ART,2
ARN,2
ARM_FILE,2
ARM_CLINT,2
ARM_CLIENT,2
ARGO_MINIO,2
ARGOCD_USER,2
ARGOCD_CN,2
ARCION,2
ARCHITECT,2
ARCHERY_DOCKER,2
ARCHERY,2
ARCGIS_FEATURE,2
ARCGIS_CLIENT,2
ARBITRUM_GOERLI,2
AQUA_ACCOUNT,2
AP_AWS,2
APT_PGP,2
APTIBLE_APP,2
APRS,2
APP_WEBSOCKET,2
APP_USER,2
APP_URL,2
APP_TOKEN,2
APP_SERVICES,2
APP_SERVICE,2
APP_SERVER,2
APP_SECRET,2
APP_PROP,2
APP_PEM,2
APP_PASS,2
APP_ORIGIN,2
APP_METRICA,2
APP_KEY,2
APP_GCP,2
APP_ENGINE,2
APP_DEV,2
APP_DATABASE,2
APP_CONFIGURATION,2
APP_CERTIFICATES,2
APP_CALENDAR,2
APP_BUNDLE,2
APPX,2
APPSYNC,2
APPSTORE_CERTIFICATE,2
APPSTORE_CERT,2
APPSMITH_SSL,2
APPSMITH_AWS,2
APPSIGNAL,2
APPRUNNER_ACCESS,2
APPROVEDPREMISES,2
APPLY,2
APPLITOOLS_API,2
APPLITOOLS,2
APPLICATION_PRIVATE,2
APPLICATION_IMAGE,2
APPLICATION_ID,2
APPLICATION_DEV,2
APPLICATION_ADMIN,2
APPLE_USER,2
APPLE_TEAM,2
APPLE_PODCAST,2
APPLE_NOTARY,2
APPLE_DEVELOPMENT,2
APPLE_DEVCERT,2
APPLE_CSC,2
APPLE_CONNECT,2
APPLE_AUTOMATION,2
APPLE_ACCOUNT,2
APPINSIGHTS_INSTRUMENTATIONKEY,2
APPCENTER_ACCESS,2
APPBASEURL,2
APPALOOSA_EXO,2
APPALOOSA,2
APP01ACAE_REGISTRY,2
APM,2
APK_KEY,2
API_SPACE,2
API_SERVICE,2
API_IMAGE,2
API_HOST,2
API_ENDPOINT,2
API_DOMAIN,2
API_DOCKER,2
API_AWS,2
API_AUTH,2
API_APP,2
API_ADDRESS,2
API_ACCESS,2
APIM_CLIENT,2
APIGEE_CREDS,2
APIDS,2
APEX_MODS,2
APCA_API,2
APCA,2
APARTMENTS,2
AP,2
AOC_LEADERBOARD,2
ANYSOFTKEYBOARD_KEYSTORE,2
ANYSCALE,2
ANYPOINT_USERNAME,2
ANYPOINT_PASSWORD,2
ANSIBLE_INVENTORY,2
ANSIBLE_BASTION,2
ANGULAR_ROBOT,2
ANGULAR_ENVIRONMENT,2
ANDROID_SERVICE,2
ANDROID_OSSRH,2
ANDROID_KEYS,2
ANDROID_KEYALIAS,2
ANDROID_CLIENT,2
ANDROID_BUILD,2
ANCHORFM,2
ANCHOR,2
ANACONDA_CLOUD,2
AM_TG,2
AMP,2
AMO_SIGN,2
AMO_API,2
AMAZON_AWS,2
AMASTY,2
AMADEUS_API,2
ALOPECIA_REGISTRY,2
ALL_REPOS,2
ALL_CONTRIBUTORS,2
ALLURE_S3,2
ALLOWLIST_KASPERSKY,2
ALLOWLIST_AVAST,2
ALLOWED_ORIGINS,2
ALLOWED_HOSTS,2
ALI_INTL,2
ALI_CODE,2
ALI_ALB,2
ALI_ACCESS,2
ALIYUN_REGISTRY,2
ALIYUN_OSS,2
ALIYUN_IMAGES,2
ALIYUN_IMAGE,2
ALIYUN_CR,2
ALICR,2
ALICE_TESTNET,2
ALICE,2
ALGOLIA_WRITE,2
ALGOLIA_DOCSEARCH,2
ALFRESCO_NEXUS,2
ALFRESCO,2
ALEXA_CLIENT,2
ALEXA,2
ALERTS,2
ALERT,2
ALCHEMY_ID,2
ALCHEMY_ETH,2
AKUITY_API,2
AKUITY,2
AKS_SECRET,2
AKI_BOT,2
AKI,2
AK,2
AI_API,2
AIRT_SERVICE,2
AIRTABLE_VALIDATION,2
AIRTABLE_API,2
AIRNOW,2
AGS_AWS,2
AGS,2
ADYEN_MERCHANT,2
ADYEN_MARKETPLACE,2
ADYENREVIEWPAYOUT,2
ADU,2
ADM_USER,2
ADMIN_GROUP,2
ADMIN_GITHUB,2
ADMIN_EMAIL,2
ADMIN_DEV,2
ADM,2
ADDRESS,2
ADDITIONAL,2
ADABOT_GITHUB,2
AC_GITHUB,2
ACUITY,2
ACTIVITY_SERVICE,2
ACTIVELOOP_HUB,2
ACTIVELOOP,2
ACTION_TOKEN,2
ACTION_MONITORING,2
ACTION_ACCESS,2
ACTIONS_SSH,2
ACTIONS_PAT,2
ACTIONS_GITHUB,2
ACTIONS_COMMIT,2
ACR_USER,2
ACR_SUBSCRIPTION,2
ACR_LOGIN,2
ACR_ENDPOINT,2
ACR_CRVECC,2
ACRYL_DOCKER,2
ACRYL,2
ACRARIUM_BASIC,2
ACQUIA_API,2
ACQUIA,2
ACME_SH,2
ACMEUSERAPP2_REGISTRY,2
ACK_ACCESS,2
ACCESS_GITHUB,2
ACALA,2
ACA,2
AAD_SERVICE,2
AAD_CLIENT,2
AADB2C_CLIENT,2
AADB2C,2
4,2
0,2
